patient_id,timestamp,glucose_mg_dl,predicted_spike_probability,predicted_spike,actual_spike_2h
09f51a16-d166-d7b3-1965-c9f60181446a,2026-01-01 00:25:00,104.1,0.0012710721,0,0
09f51a16-d166-d7b3-1965-c9f60181446a,2026-01-01 00:30:00,105.3,0.0015487781,0,0
09f51a16-d166-d7b3-1965-c9f60181446a,2026-01-01 00:35:00,102.6,0.0016291095,0,0
09f51a16-d166-d7b3-1965-c9f60181446a,2026-01-01 00:40:00,101.0,0.0015626024,0,0
09f51a16-d166-d7b3-1965-c9f60181446a,2026-01-01 00:45:00,106.8,0.00171373,0,0
09f51a16-d166-d7b3-1965-c9f60181446a,2026-01-01 00:50:00,108.0,0.00171373,0,0
09f51a16-d166-d7b3-1965-c9f60181446a,2026-01-01 00:55:00,106.4,0.0019511582,0,0
09f51a16-d166-d7b3-1965-c9f60181446a,2026-01-01 01:00:00,104.7,0.0011110271,0,0
09f51a16-d166-d7b3-1965-c9f60181446a,2026-01-01 01:05:00,101.4,0.0011253448,0,0
09f51a16-d166-d7b3-1965-c9f60181446a,2026-01-01 01:10:00,107.7,0.0011701221,0,0
09f51a16-d166-d7b3-1965-c9f60181446a,2026-01-01 01:15:00,106.0,0.0011568062,0,0
09f51a16-d166-d7b3-1965-c9f60181446a,2026-01-01 01:20:00,110.4,0.0011767234,0,0
09f51a16-d166-d7b3-1965-c9f60181446a,2026-01-01 01:25:00,100.8,0.0013921917,0,0
09f51a16-d166-d7b3-1965-c9f60181446a,2026-01-01 01:30:00,106.9,0.0015591943,0,0
09f51a16-d166-d7b3-1965-c9f60181446a,2026-01-01 01:35:00,105.9,0.0016964378,0,0
09f51a16-d166-d7b3-1965-c9f60181446a,2026-01-01 01:40:00,103.3,0.0016830564,0,0
09f51a16-d166-d7b3-1965-c9f60181446a,2026-01-01 01:45:00,108.4,0.0018494417,0,0
09f51a16-d166-d7b3-1965-c9f60181446a,2026-01-01 01:50:00,105.5,0.00171373,0,0
09f51a16-d166-d7b3-1965-c9f60181446a,2026-01-01 01:55:00,101.5,0.0019511582,0,0
09f51a16-d166-d7b3-1965-c9f60181446a,2026-01-01 02:00:00,103.9,0.001117659,0,0
09f51a16-d166-d7b3-1965-c9f60181446a,2026-01-01 02:05:00,101.4,0.0011559954,0,0
09f51a16-d166-d7b3-1965-c9f60181446a,2026-01-01 02:10:00,102.9,0.0011701221,0,0
09f51a16-d166-d7b3-1965-c9f60181446a,2026-01-01 02:15:00,106.4,0.0012401255,0,0
09f51a16-d166-d7b3-1965-c9f60181446a,2026-01-01 02:20:00,107.3,0.0011767234,0,0
09f51a16-d166-d7b3-1965-c9f60181446a,2026-01-01 02:25:00,105.0,0.0012710721,0,0
09f51a16-d166-d7b3-1965-c9f60181446a,2026-01-01 02:30:00,102.0,0.0015032071,0,0
09f51a16-d166-d7b3-1965-c9f60181446a,2026-01-01 02:35:00,105.4,0.0016751001,0,0
09f51a16-d166-d7b3-1965-c9f60181446a,2026-01-01 02:40:00,106.5,0.0016083944,0,0
09f51a16-d166-d7b3-1965-c9f60181446a,2026-01-01 02:45:00,98.4,0.0020479097,0,0
09f51a16-d166-d7b3-1965-c9f60181446a,2026-01-01 02:50:00,104.6,0.00171373,0,0
09f51a16-d166-d7b3-1965-c9f60181446a,2026-01-01 02:55:00,103.7,0.0019511582,0,0
09f51a16-d166-d7b3-1965-c9f60181446a,2026-01-01 03:00:00,107.2,0.0012862877,0,0
09f51a16-d166-d7b3-1965-c9f60181446a,2026-01-01 03:05:00,105.5,0.001196713,0,0
09f51a16-d166-d7b3-1965-c9f60181446a,2026-01-01 03:10:00,105.7,0.0012603597,0,0
09f51a16-d166-d7b3-1965-c9f60181446a,2026-01-01 03:15:00,102.9,0.0012234896,0,0
09f51a16-d166-d7b3-1965-c9f60181446a,2026-01-01 03:20:00,104.3,0.0011767347,0,0
09f51a16-d166-d7b3-1965-c9f60181446a,2026-01-01 03:25:00,107.1,0.0012920481,0,0
09f51a16-d166-d7b3-1965-c9f60181446a,2026-01-01 03:30:00,104.1,0.001501489,0,0
09f51a16-d166-d7b3-1965-c9f60181446a,2026-01-01 03:35:00,104.8,0.0015883817,0,0
09f51a16-d166-d7b3-1965-c9f60181446a,2026-01-01 03:40:00,99.7,0.0015827285,0,0
09f51a16-d166-d7b3-1965-c9f60181446a,2026-01-01 03:45:00,104.1,0.00171373,0,0
09f51a16-d166-d7b3-1965-c9f60181446a,2026-01-01 03:50:00,98.3,0.0018573022,0,0
09f51a16-d166-d7b3-1965-c9f60181446a,2026-01-01 03:55:00,102.7,0.0019511582,0,0
09f51a16-d166-d7b3-1965-c9f60181446a,2026-01-01 04:00:00,104.5,0.0011110271,0,0
09f51a16-d166-d7b3-1965-c9f60181446a,2026-01-01 04:05:00,106.6,0.001196713,0,0
09f51a16-d166-d7b3-1965-c9f60181446a,2026-01-01 04:10:00,101.3,0.0011701221,0,0
09f51a16-d166-d7b3-1965-c9f60181446a,2026-01-01 04:15:00,105.4,0.0012460182,0,0
09f51a16-d166-d7b3-1965-c9f60181446a,2026-01-01 04:20:00,108.7,0.0011576286,0,0
09f51a16-d166-d7b3-1965-c9f60181446a,2026-01-01 04:25:00,102.4,0.0012710721,0,0
09f51a16-d166-d7b3-1965-c9f60181446a,2026-01-01 04:30:00,99.7,0.0015823948,0,0
09f51a16-d166-d7b3-1965-c9f60181446a,2026-01-01 04:35:00,105.2,0.0017545918,0,0
09f51a16-d166-d7b3-1965-c9f60181446a,2026-01-01 04:40:00,100.7,0.0018673651,0,0
09f51a16-d166-d7b3-1965-c9f60181446a,2026-01-01 04:45:00,101.8,0.001964439,0,0
09f51a16-d166-d7b3-1965-c9f60181446a,2026-01-01 04:50:00,107.1,0.00171373,0,0
09f51a16-d166-d7b3-1965-c9f60181446a,2026-01-01 04:55:00,109.9,0.0021158564,0,0
09f51a16-d166-d7b3-1965-c9f60181446a,2026-01-01 05:00:00,101.3,0.0013655702,0,0
09f51a16-d166-d7b3-1965-c9f60181446a,2026-01-01 05:05:00,102.1,0.0012169146,0,0
09f51a16-d166-d7b3-1965-c9f60181446a,2026-01-01 05:10:00,103.0,0.0012816344,0,0
09f51a16-d166-d7b3-1965-c9f60181446a,2026-01-01 05:15:00,102.7,0.0012484684,0,0
09f51a16-d166-d7b3-1965-c9f60181446a,2026-01-01 05:20:00,110.1,0.001249356,0,0
09f51a16-d166-d7b3-1965-c9f60181446a,2026-01-01 05:25:00,102.7,0.0015591602,0,0
09f51a16-d166-d7b3-1965-c9f60181446a,2026-01-01 05:30:00,103.1,0.0015561352,0,0
09f51a16-d166-d7b3-1965-c9f60181446a,2026-01-01 05:35:00,109.1,0.0017580405,0,0
09f51a16-d166-d7b3-1965-c9f60181446a,2026-01-01 05:40:00,106.0,0.0017912401,0,0
09f51a16-d166-d7b3-1965-c9f60181446a,2026-01-01 05:45:00,107.3,0.0018458142,0,0
09f51a16-d166-d7b3-1965-c9f60181446a,2026-01-01 05:50:00,101.6,0.0016170533,0,0
09f51a16-d166-d7b3-1965-c9f60181446a,2026-01-01 05:55:00,102.7,0.0019511582,0,0
09f51a16-d166-d7b3-1965-c9f60181446a,2026-01-01 06:00:00,101.2,0.001707348,0,0
09f51a16-d166-d7b3-1965-c9f60181446a,2026-01-01 06:05:00,106.7,0.001597631,0,0
09f51a16-d166-d7b3-1965-c9f60181446a,2026-01-01 06:10:00,108.0,0.0041988753,0,0
09f51a16-d166-d7b3-1965-c9f60181446a,2026-01-01 06:15:00,102.5,0.011347583,0,0
09f51a16-d166-d7b3-1965-c9f60181446a,2026-01-01 06:20:00,103.2,0.012024695,0,0
09f51a16-d166-d7b3-1965-c9f60181446a,2026-01-01 06:25:00,103.3,0.012756713,0,0
09f51a16-d166-d7b3-1965-c9f60181446a,2026-01-01 06:30:00,99.7,0.019572143,0,0
09f51a16-d166-d7b3-1965-c9f60181446a,2026-01-01 06:35:00,102.3,0.021820413,0,0
09f51a16-d166-d7b3-1965-c9f60181446a,2026-01-01 06:40:00,106.6,0.018067906,0,0
09f51a16-d166-d7b3-1965-c9f60181446a,2026-01-01 06:45:00,101.7,0.019775724,0,0
09f51a16-d166-d7b3-1965-c9f60181446a,2026-01-01 06:50:00,104.6,0.019775724,0,0
09f51a16-d166-d7b3-1965-c9f60181446a,2026-01-01 06:55:00,100.4,0.027792187,0,0
09f51a16-d166-d7b3-1965-c9f60181446a,2026-01-01 07:00:00,103.9,0.01118277,0,0
09f51a16-d166-d7b3-1965-c9f60181446a,2026-01-01 07:05:00,102.6,0.009630955,0,0
09f51a16-d166-d7b3-1965-c9f60181446a,2026-01-01 07:10:00,100.6,0.013484098,0,0
09f51a16-d166-d7b3-1965-c9f60181446a,2026-01-01 07:15:00,106.7,0.007289961,0,0
09f51a16-d166-d7b3-1965-c9f60181446a,2026-01-01 07:20:00,106.8,0.0050603608,0,0
09f51a16-d166-d7b3-1965-c9f60181446a,2026-01-01 07:25:00,101.4,0.004608244,0,0
09f51a16-d166-d7b3-1965-c9f60181446a,2026-01-01 07:30:00,103.6,0.0051699476,0,0
09f51a16-d166-d7b3-1965-c9f60181446a,2026-01-01 07:35:00,104.4,0.0060075293,0,0
09f51a16-d166-d7b3-1965-c9f60181446a,2026-01-01 07:40:00,98.9,0.008927481,0,0
09f51a16-d166-d7b3-1965-c9f60181446a,2026-01-01 07:45:00,100.1,0.0073796343,0,0
09f51a16-d166-d7b3-1965-c9f60181446a,2026-01-01 07:50:00,108.2,0.009511734,0,0
09f51a16-d166-d7b3-1965-c9f60181446a,2026-01-01 07:55:00,101.1,0.007888326,0,0
09f51a16-d166-d7b3-1965-c9f60181446a,2026-01-01 08:00:00,108.1,0.008669078,0,0
09f51a16-d166-d7b3-1965-c9f60181446a,2026-01-01 08:05:00,107.2,0.009088275,0,0
09f51a16-d166-d7b3-1965-c9f60181446a,2026-01-01 08:10:00,119.0,0.013902537,0,0
09f51a16-d166-d7b3-1965-c9f60181446a,2026-01-01 08:15:00,120.9,0.013746321,0,0
09f51a16-d166-d7b3-1965-c9f60181446a,2026-01-01 08:20:00,125.3,0.016403932,0,0
09f51a16-d166-d7b3-1965-c9f60181446a,2026-01-01 08:25:00,134.6,0.019572519,0,0
09f51a16-d166-d7b3-1965-c9f60181446a,2026-01-01 08:30:00,127.8,0.04087544,0,0
09f51a16-d166-d7b3-1965-c9f60181446a,2026-01-01 08:35:00,135.4,0.14549594,0,0
09f51a16-d166-d7b3-1965-c9f60181446a,2026-01-01 08:40:00,136.8,0.31421232,0,0
09f51a16-d166-d7b3-1965-c9f60181446a,2026-01-01 08:45:00,146.2,0.4675327,0,0
09f51a16-d166-d7b3-1965-c9f60181446a,2026-01-01 08:50:00,133.7,0.5210775,0,0
09f51a16-d166-d7b3-1965-c9f60181446a,2026-01-01 08:55:00,135.4,0.49608532,0,0
09f51a16-d166-d7b3-1965-c9f60181446a,2026-01-01 09:00:00,139.9,0.22215922,0,0
09f51a16-d166-d7b3-1965-c9f60181446a,2026-01-01 09:05:00,136.7,0.2531633,0,0
09f51a16-d166-d7b3-1965-c9f60181446a,2026-01-01 09:10:00,135.6,0.24425313,0,0
09f51a16-d166-d7b3-1965-c9f60181446a,2026-01-01 09:15:00,139.4,0.23430803,0,0
09f51a16-d166-d7b3-1965-c9f60181446a,2026-01-01 09:20:00,135.1,0.28685346,0,0
09f51a16-d166-d7b3-1965-c9f60181446a,2026-01-01 09:25:00,132.5,0.12425532,0,0
09f51a16-d166-d7b3-1965-c9f60181446a,2026-01-01 09:30:00,136.6,0.5717757,0,0
09f51a16-d166-d7b3-1965-c9f60181446a,2026-01-01 09:35:00,134.7,0.19145522,0,0
09f51a16-d166-d7b3-1965-c9f60181446a,2026-01-01 09:40:00,131.7,0.19145522,0,0
09f51a16-d166-d7b3-1965-c9f60181446a,2026-01-01 09:45:00,130.6,0.195604,0,0
09f51a16-d166-d7b3-1965-c9f60181446a,2026-01-01 09:50:00,127.9,0.16238415,0,0
09f51a16-d166-d7b3-1965-c9f60181446a,2026-01-01 09:55:00,131.8,0.1828454,0,0
09f51a16-d166-d7b3-1965-c9f60181446a,2026-01-01 10:00:00,127.6,0.084020995,0,0
09f51a16-d166-d7b3-1965-c9f60181446a,2026-01-01 10:05:00,125.3,0.0778253,0,0
09f51a16-d166-d7b3-1965-c9f60181446a,2026-01-01 10:10:00,122.8,0.096474886,0,0
09f51a16-d166-d7b3-1965-c9f60181446a,2026-01-01 10:15:00,126.8,0.040687535,0,0
09f51a16-d166-d7b3-1965-c9f60181446a,2026-01-01 10:20:00,123.1,0.031002846,0,0
09f51a16-d166-d7b3-1965-c9f60181446a,2026-01-01 10:25:00,117.7,0.009984362,0,0
09f51a16-d166-d7b3-1965-c9f60181446a,2026-01-01 10:30:00,119.2,0.02180383,0,0
09f51a16-d166-d7b3-1965-c9f60181446a,2026-01-01 10:35:00,121.2,0.01389278,0,0
09f51a16-d166-d7b3-1965-c9f60181446a,2026-01-01 10:40:00,120.4,0.016366437,0,0
09f51a16-d166-d7b3-1965-c9f60181446a,2026-01-01 10:45:00,119.4,0.007761315,0,0
09f51a16-d166-d7b3-1965-c9f60181446a,2026-01-01 10:50:00,118.1,0.007418742,0,0
09f51a16-d166-d7b3-1965-c9f60181446a,2026-01-01 10:55:00,114.1,0.007057788,0,0
09f51a16-d166-d7b3-1965-c9f60181446a,2026-01-01 11:00:00,115.1,0.028502254,0,0
09f51a16-d166-d7b3-1965-c9f60181446a,2026-01-01 11:05:00,120.6,0.027668364,0,0
09f51a16-d166-d7b3-1965-c9f60181446a,2026-01-01 11:10:00,119.4,0.027281696,0,0
09f51a16-d166-d7b3-1965-c9f60181446a,2026-01-01 11:15:00,117.4,0.026818391,0,0
09f51a16-d166-d7b3-1965-c9f60181446a,2026-01-01 11:20:00,116.5,0.027874805,0,0
09f51a16-d166-d7b3-1965-c9f60181446a,2026-01-01 11:25:00,117.1,0.02937255,0,0
09f51a16-d166-d7b3-1965-c9f60181446a,2026-01-01 11:30:00,110.4,0.044887558,0,0
09f51a16-d166-d7b3-1965-c9f60181446a,2026-01-01 11:35:00,113.4,0.05085542,0,0
09f51a16-d166-d7b3-1965-c9f60181446a,2026-01-01 11:40:00,109.4,0.045348648,0,0
09f51a16-d166-d7b3-1965-c9f60181446a,2026-01-01 11:45:00,108.9,0.048165083,0,0
09f51a16-d166-d7b3-1965-c9f60181446a,2026-01-01 11:50:00,112.9,0.05365874,0,0
09f51a16-d166-d7b3-1965-c9f60181446a,2026-01-01 11:55:00,114.2,0.048510175,0,0
09f51a16-d166-d7b3-1965-c9f60181446a,2026-01-01 12:00:00,110.3,0.04269006,0,0
09f51a16-d166-d7b3-1965-c9f60181446a,2026-01-01 12:05:00,115.4,0.042634793,0,0
09f51a16-d166-d7b3-1965-c9f60181446a,2026-01-01 12:10:00,110.7,0.044228584,0,0
09f51a16-d166-d7b3-1965-c9f60181446a,2026-01-01 12:15:00,107.4,0.0440309,0,0
09f51a16-d166-d7b3-1965-c9f60181446a,2026-01-01 12:20:00,106.2,0.044892687,0,0
09f51a16-d166-d7b3-1965-c9f60181446a,2026-01-01 12:25:00,112.2,0.05679078,0,0
09f51a16-d166-d7b3-1965-c9f60181446a,2026-01-01 12:30:00,109.2,0.05676547,0,0
09f51a16-d166-d7b3-1965-c9f60181446a,2026-01-01 12:35:00,110.5,0.0466523,0,0
09f51a16-d166-d7b3-1965-c9f60181446a,2026-01-01 12:40:00,100.3,0.057945136,0,0
09f51a16-d166-d7b3-1965-c9f60181446a,2026-01-01 12:45:00,108.7,0.064050324,0,0
09f51a16-d166-d7b3-1965-c9f60181446a,2026-01-01 12:50:00,106.2,0.058945283,0,0
09f51a16-d166-d7b3-1965-c9f60181446a,2026-01-01 12:55:00,103.4,0.047027588,0,0
09f51a16-d166-d7b3-1965-c9f60181446a,2026-01-01 13:00:00,107.1,0.018843817,0,0
09f51a16-d166-d7b3-1965-c9f60181446a,2026-01-01 13:05:00,118.5,0.022190353,0,0
09f51a16-d166-d7b3-1965-c9f60181446a,2026-01-01 13:10:00,128.6,0.03133705,0,0
09f51a16-d166-d7b3-1965-c9f60181446a,2026-01-01 13:15:00,127.9,0.028519468,0,0
09f51a16-d166-d7b3-1965-c9f60181446a,2026-01-01 13:20:00,129.6,0.027383732,0,0
09f51a16-d166-d7b3-1965-c9f60181446a,2026-01-01 13:25:00,133.0,0.05245225,0,0
09f51a16-d166-d7b3-1965-c9f60181446a,2026-01-01 13:30:00,141.1,0.53088623,0,0
09f51a16-d166-d7b3-1965-c9f60181446a,2026-01-01 13:35:00,137.4,0.72041285,1,0
09f51a16-d166-d7b3-1965-c9f60181446a,2026-01-01 13:40:00,143.9,0.60516465,0,0
09f51a16-d166-d7b3-1965-c9f60181446a,2026-01-01 13:45:00,144.0,0.7134798,1,0
09f51a16-d166-d7b3-1965-c9f60181446a,2026-01-01 13:50:00,144.4,0.76259923,1,0
09f51a16-d166-d7b3-1965-c9f60181446a,2026-01-01 13:55:00,139.5,0.84214485,1,0
09f51a16-d166-d7b3-1965-c9f60181446a,2026-01-01 14:00:00,143.2,0.23563842,0,0
09f51a16-d166-d7b3-1965-c9f60181446a,2026-01-01 14:05:00,139.7,0.09210603,0,0
09f51a16-d166-d7b3-1965-c9f60181446a,2026-01-01 14:10:00,141.8,0.095133886,0,0
09f51a16-d166-d7b3-1965-c9f60181446a,2026-01-01 14:15:00,145.7,0.08606853,0,0
09f51a16-d166-d7b3-1965-c9f60181446a,2026-01-01 14:20:00,145.9,0.05663128,0,0
09f51a16-d166-d7b3-1965-c9f60181446a,2026-01-01 14:25:00,142.0,0.091405526,0,0
09f51a16-d166-d7b3-1965-c9f60181446a,2026-01-01 14:30:00,138.6,0.058991075,0,0
09f51a16-d166-d7b3-1965-c9f60181446a,2026-01-01 14:35:00,144.0,0.055630326,0,0
09f51a16-d166-d7b3-1965-c9f60181446a,2026-01-01 14:40:00,136.4,0.055726156,0,0
09f51a16-d166-d7b3-1965-c9f60181446a,2026-01-01 14:45:00,133.5,0.055726156,0,0
09f51a16-d166-d7b3-1965-c9f60181446a,2026-01-01 14:50:00,137.8,0.055726156,0,0
09f51a16-d166-d7b3-1965-c9f60181446a,2026-01-01 14:55:00,135.9,0.064397335,0,0
09f51a16-d166-d7b3-1965-c9f60181446a,2026-01-01 15:00:00,131.7,0.046928566,0,0
09f51a16-d166-d7b3-1965-c9f60181446a,2026-01-01 15:05:00,132.4,0.051732533,0,0
09f51a16-d166-d7b3-1965-c9f60181446a,2026-01-01 15:10:00,132.2,0.042250454,0,0
09f51a16-d166-d7b3-1965-c9f60181446a,2026-01-01 15:15:00,130.3,0.046531003,0,0
09f51a16-d166-d7b3-1965-c9f60181446a,2026-01-01 15:20:00,129.9,0.040028125,0,0
09f51a16-d166-d7b3-1965-c9f60181446a,2026-01-01 15:25:00,125.8,0.032185573,0,0
09f51a16-d166-d7b3-1965-c9f60181446a,2026-01-01 15:30:00,127.8,0.03730835,0,0
09f51a16-d166-d7b3-1965-c9f60181446a,2026-01-01 15:35:00,125.2,0.046273347,0,0
09f51a16-d166-d7b3-1965-c9f60181446a,2026-01-01 15:40:00,122.7,0.028971842,0,0
09f51a16-d166-d7b3-1965-c9f60181446a,2026-01-01 15:45:00,122.3,0.022881955,0,0
09f51a16-d166-d7b3-1965-c9f60181446a,2026-01-01 15:50:00,121.8,0.013638882,0,0
09f51a16-d166-d7b3-1965-c9f60181446a,2026-01-01 15:55:00,116.8,0.014359757,0,0
09f51a16-d166-d7b3-1965-c9f60181446a,2026-01-01 16:00:00,118.3,0.008789123,0,0
09f51a16-d166-d7b3-1965-c9f60181446a,2026-01-01 16:05:00,119.5,0.0043794913,0,0
09f51a16-d166-d7b3-1965-c9f60181446a,2026-01-01 16:10:00,114.5,0.0009877868,0,0
09f51a16-d166-d7b3-1965-c9f60181446a,2026-01-01 16:15:00,115.9,0.003988751,0,0
09f51a16-d166-d7b3-1965-c9f60181446a,2026-01-01 16:20:00,124.1,0.0074339863,0,0
09f51a16-d166-d7b3-1965-c9f60181446a,2026-01-01 16:25:00,112.9,0.006688934,0,0
09f51a16-d166-d7b3-1965-c9f60181446a,2026-01-01 16:30:00,114.4,0.007831994,0,0
09f51a16-d166-d7b3-1965-c9f60181446a,2026-01-01 16:35:00,112.4,0.007206854,0,0
09f51a16-d166-d7b3-1965-c9f60181446a,2026-01-01 16:40:00,113.9,0.007647868,0,0
09f51a16-d166-d7b3-1965-c9f60181446a,2026-01-01 16:45:00,111.2,0.008732811,0,0
09f51a16-d166-d7b3-1965-c9f60181446a,2026-01-01 16:50:00,112.4,0.00783198,0,0
09f51a16-d166-d7b3-1965-c9f60181446a,2026-01-01 16:55:00,110.4,0.008442041,0,0
09f51a16-d166-d7b3-1965-c9f60181446a,2026-01-01 17:00:00,115.3,0.0051453025,0,0
09f51a16-d166-d7b3-1965-c9f60181446a,2026-01-01 17:05:00,111.9,0.0057127476,0,0
09f51a16-d166-d7b3-1965-c9f60181446a,2026-01-01 17:10:00,108.2,0.0091033345,0,0
09f51a16-d166-d7b3-1965-c9f60181446a,2026-01-01 17:15:00,113.3,0.015105055,0,0
09f51a16-d166-d7b3-1965-c9f60181446a,2026-01-01 17:20:00,107.5,0.012005875,0,0
09f51a16-d166-d7b3-1965-c9f60181446a,2026-01-01 17:25:00,105.3,0.012541796,0,0
09f51a16-d166-d7b3-1965-c9f60181446a,2026-01-01 17:30:00,109.6,0.013645921,0,0
09f51a16-d166-d7b3-1965-c9f60181446a,2026-01-01 17:35:00,115.0,0.014052318,0,0
09f51a16-d166-d7b3-1965-c9f60181446a,2026-01-01 17:40:00,103.5,0.015058017,0,0
09f51a16-d166-d7b3-1965-c9f60181446a,2026-01-01 17:45:00,104.7,0.015225876,0,0
09f51a16-d166-d7b3-1965-c9f60181446a,2026-01-01 17:50:00,110.6,0.016138624,0,0
09f51a16-d166-d7b3-1965-c9f60181446a,2026-01-01 17:55:00,106.2,0.013542942,0,0
09f51a16-d166-d7b3-1965-c9f60181446a,2026-01-01 18:00:00,109.7,0.019232936,0,0
09f51a16-d166-d7b3-1965-c9f60181446a,2026-01-01 18:05:00,105.1,0.017965226,0,0
09f51a16-d166-d7b3-1965-c9f60181446a,2026-01-01 18:10:00,107.9,0.017740479,0,0
09f51a16-d166-d7b3-1965-c9f60181446a,2026-01-01 18:15:00,112.5,0.017541915,0,0
09f51a16-d166-d7b3-1965-c9f60181446a,2026-01-01 18:20:00,103.4,0.014613074,0,0
09f51a16-d166-d7b3-1965-c9f60181446a,2026-01-01 18:25:00,109.9,0.016266478,0,0
09f51a16-d166-d7b3-1965-c9f60181446a,2026-01-01 18:30:00,108.7,0.0132131,0,0
09f51a16-d166-d7b3-1965-c9f60181446a,2026-01-01 18:35:00,102.1,0.015879372,0,0
09f51a16-d166-d7b3-1965-c9f60181446a,2026-01-01 18:40:00,108.1,0.015816476,0,0
09f51a16-d166-d7b3-1965-c9f60181446a,2026-01-01 18:45:00,106.5,0.015916172,0,0
09f51a16-d166-d7b3-1965-c9f60181446a,2026-01-01 18:50:00,106.4,0.014196637,0,0
09f51a16-d166-d7b3-1965-c9f60181446a,2026-01-01 18:55:00,107.0,0.010408928,0,0
09f51a16-d166-d7b3-1965-c9f60181446a,2026-01-01 19:00:00,104.8,0.009762252,0,0
09f51a16-d166-d7b3-1965-c9f60181446a,2026-01-01 19:05:00,113.3,0.011866851,0,0
09f51a16-d166-d7b3-1965-c9f60181446a,2026-01-01 19:10:00,119.8,0.011400993,0,0
09f51a16-d166-d7b3-1965-c9f60181446a,2026-01-01 19:15:00,126.3,0.016346829,0,0
09f51a16-d166-d7b3-1965-c9f60181446a,2026-01-01 19:20:00,123.6,0.010745168,0,0
09f51a16-d166-d7b3-1965-c9f60181446a,2026-01-01 19:25:00,135.4,0.01562141,0,0
09f51a16-d166-d7b3-1965-c9f60181446a,2026-01-01 19:30:00,130.7,0.0471967,0,0
09f51a16-d166-d7b3-1965-c9f60181446a,2026-01-01 19:35:00,138.5,0.20270403,0,0
09f51a16-d166-d7b3-1965-c9f60181446a,2026-01-01 19:40:00,138.0,0.24357527,0,0
09f51a16-d166-d7b3-1965-c9f60181446a,2026-01-01 19:45:00,134.9,0.39573327,0,0
09f51a16-d166-d7b3-1965-c9f60181446a,2026-01-01 19:50:00,141.1,0.63063896,0,0
09f51a16-d166-d7b3-1965-c9f60181446a,2026-01-01 19:55:00,137.0,0.6543566,1,0
09f51a16-d166-d7b3-1965-c9f60181446a,2026-01-01 20:00:00,143.1,0.14656119,0,0
09f51a16-d166-d7b3-1965-c9f60181446a,2026-01-01 20:05:00,137.6,0.44873628,0,0
09f51a16-d166-d7b3-1965-c9f60181446a,2026-01-01 20:10:00,134.9,0.07799211,0,0
09f51a16-d166-d7b3-1965-c9f60181446a,2026-01-01 20:15:00,143.5,0.066022485,0,0
09f51a16-d166-d7b3-1965-c9f60181446a,2026-01-01 20:20:00,138.7,0.06942465,0,0
09f51a16-d166-d7b3-1965-c9f60181446a,2026-01-01 20:25:00,140.0,0.035471607,0,0
09f51a16-d166-d7b3-1965-c9f60181446a,2026-01-01 20:30:00,134.0,0.027957328,0,0
09f51a16-d166-d7b3-1965-c9f60181446a,2026-01-01 20:35:00,129.9,0.034511764,0,0
09f51a16-d166-d7b3-1965-c9f60181446a,2026-01-01 20:40:00,139.6,0.02995295,0,0
09f51a16-d166-d7b3-1965-c9f60181446a,2026-01-01 20:45:00,133.5,0.024863824,0,0
09f51a16-d166-d7b3-1965-c9f60181446a,2026-01-01 20:50:00,133.9,0.032171674,0,0
09f51a16-d166-d7b3-1965-c9f60181446a,2026-01-01 20:55:00,133.4,0.024995986,0,0
09f51a16-d166-d7b3-1965-c9f60181446a,2026-01-01 21:00:00,129.3,0.02341857,0,0
09f51a16-d166-d7b3-1965-c9f60181446a,2026-01-01 21:05:00,129.9,0.019645335,0,0
09f51a16-d166-d7b3-1965-c9f60181446a,2026-01-01 21:10:00,132.9,0.021089531,0,0
09f51a16-d166-d7b3-1965-c9f60181446a,2026-01-01 21:15:00,127.0,0.020292234,0,0
09f51a16-d166-d7b3-1965-c9f60181446a,2026-01-01 21:20:00,128.8,0.020292234,0,0
09f51a16-d166-d7b3-1965-c9f60181446a,2026-01-01 21:25:00,119.0,0.019922461,0,0
09f51a16-d166-d7b3-1965-c9f60181446a,2026-01-01 21:30:00,127.3,0.01787139,0,0
09f51a16-d166-d7b3-1965-c9f60181446a,2026-01-01 21:35:00,118.4,0.0146751935,0,0
09f51a16-d166-d7b3-1965-c9f60181446a,2026-01-01 21:40:00,125.1,0.027749259,0,0
09f51a16-d166-d7b3-1965-c9f60181446a,2026-01-01 21:45:00,122.3,0.012417509,0,0
09f51a16-d166-d7b3-1965-c9f60181446a,2026-01-01 21:50:00,120.0,0.013758972,0,0
09f51a16-d166-d7b3-1965-c9f60181446a,2026-01-01 21:55:00,119.1,0.014039284,0,0
187a1094-82b0-8949-3e8e-1b78c62581c1,2026-01-01 00:25:00,129.8,0.007232387,0,0
187a1094-82b0-8949-3e8e-1b78c62581c1,2026-01-01 00:30:00,132.5,0.010264033,0,0
187a1094-82b0-8949-3e8e-1b78c62581c1,2026-01-01 00:35:00,129.1,0.01153881,0,0
187a1094-82b0-8949-3e8e-1b78c62581c1,2026-01-01 00:40:00,130.3,0.01153881,0,0
187a1094-82b0-8949-3e8e-1b78c62581c1,2026-01-01 00:45:00,136.3,0.010678034,0,0
187a1094-82b0-8949-3e8e-1b78c62581c1,2026-01-01 00:50:00,134.8,0.011085478,0,0
187a1094-82b0-8949-3e8e-1b78c62581c1,2026-01-01 00:55:00,132.9,0.013182919,0,0
187a1094-82b0-8949-3e8e-1b78c62581c1,2026-01-01 01:00:00,131.3,0.006844046,0,0
187a1094-82b0-8949-3e8e-1b78c62581c1,2026-01-01 01:05:00,130.5,0.006844046,0,0
187a1094-82b0-8949-3e8e-1b78c62581c1,2026-01-01 01:10:00,128.0,0.006844046,0,0
187a1094-82b0-8949-3e8e-1b78c62581c1,2026-01-01 01:15:00,127.6,0.0061232485,0,0
187a1094-82b0-8949-3e8e-1b78c62581c1,2026-01-01 01:20:00,128.2,0.0059354957,0,0
187a1094-82b0-8949-3e8e-1b78c62581c1,2026-01-01 01:25:00,132.1,0.0064163795,0,0
187a1094-82b0-8949-3e8e-1b78c62581c1,2026-01-01 01:30:00,130.1,0.009531971,0,0
187a1094-82b0-8949-3e8e-1b78c62581c1,2026-01-01 01:35:00,129.7,0.010175602,0,0
187a1094-82b0-8949-3e8e-1b78c62581c1,2026-01-01 01:40:00,130.1,0.010175602,0,0
187a1094-82b0-8949-3e8e-1b78c62581c1,2026-01-01 01:45:00,126.0,0.010310023,0,0
187a1094-82b0-8949-3e8e-1b78c62581c1,2026-01-01 01:50:00,128.9,0.010781246,0,0
187a1094-82b0-8949-3e8e-1b78c62581c1,2026-01-01 01:55:00,129.5,0.011150447,0,0
187a1094-82b0-8949-3e8e-1b78c62581c1,2026-01-01 02:00:00,125.3,0.004441796,0,0
187a1094-82b0-8949-3e8e-1b78c62581c1,2026-01-01 02:05:00,131.9,0.0042901225,0,0
187a1094-82b0-8949-3e8e-1b78c62581c1,2026-01-01 02:10:00,131.9,0.005078297,0,0
187a1094-82b0-8949-3e8e-1b78c62581c1,2026-01-01 02:15:00,134.4,0.0054759393,0,0
187a1094-82b0-8949-3e8e-1b78c62581c1,2026-01-01 02:20:00,130.5,0.0061275796,0,0
187a1094-82b0-8949-3e8e-1b78c62581c1,2026-01-01 02:25:00,129.1,0.007090773,0,0
187a1094-82b0-8949-3e8e-1b78c62581c1,2026-01-01 02:30:00,128.4,0.010489036,0,0
187a1094-82b0-8949-3e8e-1b78c62581c1,2026-01-01 02:35:00,133.0,0.010087367,0,0
187a1094-82b0-8949-3e8e-1b78c62581c1,2026-01-01 02:40:00,132.9,0.010905321,0,0
187a1094-82b0-8949-3e8e-1b78c62581c1,2026-01-01 02:45:00,131.8,0.012642585,0,0
187a1094-82b0-8949-3e8e-1b78c62581c1,2026-01-01 02:50:00,129.8,0.012642585,0,0
187a1094-82b0-8949-3e8e-1b78c62581c1,2026-01-01 02:55:00,135.7,0.012375425,0,0
187a1094-82b0-8949-3e8e-1b78c62581c1,2026-01-01 03:00:00,130.3,0.0073339827,0,0
187a1094-82b0-8949-3e8e-1b78c62581c1,2026-01-01 03:05:00,129.1,0.006621917,0,0
187a1094-82b0-8949-3e8e-1b78c62581c1,2026-01-01 03:10:00,132.6,0.0063650124,0,0
187a1094-82b0-8949-3e8e-1b78c62581c1,2026-01-01 03:15:00,129.2,0.0061232485,0,0
187a1094-82b0-8949-3e8e-1b78c62581c1,2026-01-01 03:20:00,126.6,0.0061275796,0,0
187a1094-82b0-8949-3e8e-1b78c62581c1,2026-01-01 03:25:00,137.1,0.0065276,0,0
187a1094-82b0-8949-3e8e-1b78c62581c1,2026-01-01 03:30:00,133.0,0.009332602,0,0
187a1094-82b0-8949-3e8e-1b78c62581c1,2026-01-01 03:35:00,130.9,0.011439383,0,0
187a1094-82b0-8949-3e8e-1b78c62581c1,2026-01-01 03:40:00,131.1,0.011439383,0,0
187a1094-82b0-8949-3e8e-1b78c62581c1,2026-01-01 03:45:00,127.2,0.010809176,0,0
187a1094-82b0-8949-3e8e-1b78c62581c1,2026-01-01 03:50:00,130.9,0.012387611,0,0
187a1094-82b0-8949-3e8e-1b78c62581c1,2026-01-01 03:55:00,129.9,0.014111132,0,0
187a1094-82b0-8949-3e8e-1b78c62581c1,2026-01-01 04:00:00,129.1,0.0062456643,0,0
187a1094-82b0-8949-3e8e-1b78c62581c1,2026-01-01 04:05:00,127.1,0.0053983983,0,0
187a1094-82b0-8949-3e8e-1b78c62581c1,2026-01-01 04:10:00,127.3,0.0050585005,0,0
187a1094-82b0-8949-3e8e-1b78c62581c1,2026-01-01 04:15:00,130.6,0.0057311296,0,0
187a1094-82b0-8949-3e8e-1b78c62581c1,2026-01-01 04:20:00,130.5,0.005735185,0,0
187a1094-82b0-8949-3e8e-1b78c62581c1,2026-01-01 04:25:00,131.2,0.0067203054,0,0
187a1094-82b0-8949-3e8e-1b78c62581c1,2026-01-01 04:30:00,129.0,0.009531971,0,0
187a1094-82b0-8949-3e8e-1b78c62581c1,2026-01-01 04:35:00,128.5,0.010175602,0,0
187a1094-82b0-8949-3e8e-1b78c62581c1,2026-01-01 04:40:00,133.0,0.011376769,0,0
187a1094-82b0-8949-3e8e-1b78c62581c1,2026-01-01 04:45:00,131.5,0.013074685,0,0
187a1094-82b0-8949-3e8e-1b78c62581c1,2026-01-01 04:50:00,132.5,0.012727225,0,0
187a1094-82b0-8949-3e8e-1b78c62581c1,2026-01-01 04:55:00,134.9,0.011975934,0,0
187a1094-82b0-8949-3e8e-1b78c62581c1,2026-01-01 05:00:00,130.3,0.006844046,0,0
187a1094-82b0-8949-3e8e-1b78c62581c1,2026-01-01 05:05:00,127.1,0.006621917,0,0
187a1094-82b0-8949-3e8e-1b78c62581c1,2026-01-01 05:10:00,128.0,0.0061232485,0,0
187a1094-82b0-8949-3e8e-1b78c62581c1,2026-01-01 05:15:00,128.3,0.0061232485,0,0
187a1094-82b0-8949-3e8e-1b78c62581c1,2026-01-01 05:20:00,128.9,0.005081893,0,0
187a1094-82b0-8949-3e8e-1b78c62581c1,2026-01-01 05:25:00,129.9,0.0066371094,0,0
187a1094-82b0-8949-3e8e-1b78c62581c1,2026-01-01 05:30:00,133.5,0.007736955,0,0
187a1094-82b0-8949-3e8e-1b78c62581c1,2026-01-01 05:35:00,127.8,0.009665359,0,0
187a1094-82b0-8949-3e8e-1b78c62581c1,2026-01-01 05:40:00,129.7,0.009838358,0,0
187a1094-82b0-8949-3e8e-1b78c62581c1,2026-01-01 05:45:00,131.7,0.012642585,0,0
187a1094-82b0-8949-3e8e-1b78c62581c1,2026-01-01 05:50:00,131.6,0.012642585,0,0
187a1094-82b0-8949-3e8e-1b78c62581c1,2026-01-01 05:55:00,130.4,0.014111132,0,0
187a1094-82b0-8949-3e8e-1b78c62581c1,2026-01-01 06:00:00,133.1,0.009399066,0,0
187a1094-82b0-8949-3e8e-1b78c62581c1,2026-01-01 06:05:00,131.8,0.0124576,0,0
187a1094-82b0-8949-3e8e-1b78c62581c1,2026-01-01 06:10:00,139.2,0.010524487,0,0
187a1094-82b0-8949-3e8e-1b78c62581c1,2026-01-01 06:15:00,125.9,0.010726268,0,0
187a1094-82b0-8949-3e8e-1b78c62581c1,2026-01-01 06:20:00,131.4,0.74089646,1,0
187a1094-82b0-8949-3e8e-1b78c62581c1,2026-01-01 06:25:00,125.9,0.70071954,1,0
187a1094-82b0-8949-3e8e-1b78c62581c1,2026-01-01 06:30:00,132.2,0.8121562,1,0
187a1094-82b0-8949-3e8e-1b78c62581c1,2026-01-01 06:35:00,134.3,0.8611383,1,1
187a1094-82b0-8949-3e8e-1b78c62581c1,2026-01-01 06:40:00,131.6,0.8400837,1,1
187a1094-82b0-8949-3e8e-1b78c62581c1,2026-01-01 06:45:00,137.0,0.8711658,1,1
187a1094-82b0-8949-3e8e-1b78c62581c1,2026-01-01 06:50:00,127.5,0.8577758,1,1
187a1094-82b0-8949-3e8e-1b78c62581c1,2026-01-01 06:55:00,131.6,0.8798312,1,1
187a1094-82b0-8949-3e8e-1b78c62581c1,2026-01-01 07:00:00,130.9,0.94161046,1,1
187a1094-82b0-8949-3e8e-1b78c62581c1,2026-01-01 07:05:00,132.0,0.9437859,1,1
187a1094-82b0-8949-3e8e-1b78c62581c1,2026-01-01 07:10:00,131.6,0.9446591,1,1
187a1094-82b0-8949-3e8e-1b78c62581c1,2026-01-01 07:15:00,133.0,0.92570806,1,1
187a1094-82b0-8949-3e8e-1b78c62581c1,2026-01-01 07:20:00,126.8,0.92274326,1,0
187a1094-82b0-8949-3e8e-1b78c62581c1,2026-01-01 07:25:00,133.9,0.86687833,1,1
187a1094-82b0-8949-3e8e-1b78c62581c1,2026-01-01 07:30:00,129.2,0.86730903,1,0
187a1094-82b0-8949-3e8e-1b78c62581c1,2026-01-01 07:35:00,133.3,0.8379414,1,0
187a1094-82b0-8949-3e8e-1b78c62581c1,2026-01-01 07:40:00,133.2,0.8944973,1,1
187a1094-82b0-8949-3e8e-1b78c62581c1,2026-01-01 07:45:00,127.9,0.919229,1,0
187a1094-82b0-8949-3e8e-1b78c62581c1,2026-01-01 07:50:00,129.5,0.9129006,1,0
187a1094-82b0-8949-3e8e-1b78c62581c1,2026-01-01 07:55:00,127.9,0.84014636,1,0
187a1094-82b0-8949-3e8e-1b78c62581c1,2026-01-01 08:00:00,129.2,0.45645046,0,1
187a1094-82b0-8949-3e8e-1b78c62581c1,2026-01-01 08:05:00,139.9,0.24021105,0,0
187a1094-82b0-8949-3e8e-1b78c62581c1,2026-01-01 08:10:00,145.7,0.20606144,0,0
187a1094-82b0-8949-3e8e-1b78c62581c1,2026-01-01 08:15:00,150.6,0.20407724,0,0
187a1094-82b0-8949-3e8e-1b78c62581c1,2026-01-01 08:20:00,151.6,0.1494305,0,0
187a1094-82b0-8949-3e8e-1b78c62581c1,2026-01-01 08:25:00,149.9,0.17785567,0,0
187a1094-82b0-8949-3e8e-1b78c62581c1,2026-01-01 08:30:00,157.9,0.11758484,0,0
187a1094-82b0-8949-3e8e-1b78c62581c1,2026-01-01 08:35:00,164.0,0.112786055,0,0
187a1094-82b0-8949-3e8e-1b78c62581c1,2026-01-01 08:40:00,164.8,0.098823346,0,0
187a1094-82b0-8949-3e8e-1b78c62581c1,2026-01-01 08:45:00,160.1,0.056602523,0,0
187a1094-82b0-8949-3e8e-1b78c62581c1,2026-01-01 08:50:00,167.8,0.049940806,0,0
187a1094-82b0-8949-3e8e-1b78c62581c1,2026-01-01 08:55:00,160.6,0.052271802,0,0
187a1094-82b0-8949-3e8e-1b78c62581c1,2026-01-01 09:00:00,163.9,0.023719624,0,0
187a1094-82b0-8949-3e8e-1b78c62581c1,2026-01-01 09:05:00,161.2,0.021318668,0,0
187a1094-82b0-8949-3e8e-1b78c62581c1,2026-01-01 09:10:00,170.4,0.03890887,0,0
187a1094-82b0-8949-3e8e-1b78c62581c1,2026-01-01 09:15:00,162.8,0.046308663,0,0
187a1094-82b0-8949-3e8e-1b78c62581c1,2026-01-01 09:20:00,158.1,0.014840319,0,0
187a1094-82b0-8949-3e8e-1b78c62581c1,2026-01-01 09:25:00,165.5,0.017149433,0,0
187a1094-82b0-8949-3e8e-1b78c62581c1,2026-01-01 09:30:00,156.9,0.021412024,0,0
187a1094-82b0-8949-3e8e-1b78c62581c1,2026-01-01 09:35:00,158.8,0.02156652,0,0
187a1094-82b0-8949-3e8e-1b78c62581c1,2026-01-01 09:40:00,162.8,0.03598994,0,0
187a1094-82b0-8949-3e8e-1b78c62581c1,2026-01-01 09:45:00,156.9,0.022480858,0,0
187a1094-82b0-8949-3e8e-1b78c62581c1,2026-01-01 09:50:00,158.2,0.021502838,0,0
187a1094-82b0-8949-3e8e-1b78c62581c1,2026-01-01 09:55:00,153.0,0.020627595,0,0
187a1094-82b0-8949-3e8e-1b78c62581c1,2026-01-01 10:00:00,160.8,0.017270125,0,0
187a1094-82b0-8949-3e8e-1b78c62581c1,2026-01-01 10:05:00,150.1,0.01733667,0,0
187a1094-82b0-8949-3e8e-1b78c62581c1,2026-01-01 10:10:00,151.2,0.01733667,0,0
187a1094-82b0-8949-3e8e-1b78c62581c1,2026-01-01 10:15:00,151.2,0.01636538,0,0
187a1094-82b0-8949-3e8e-1b78c62581c1,2026-01-01 10:20:00,146.3,0.017996665,0,0
187a1094-82b0-8949-3e8e-1b78c62581c1,2026-01-01 10:25:00,150.6,0.021323403,0,0
187a1094-82b0-8949-3e8e-1b78c62581c1,2026-01-01 10:30:00,152.8,0.04097853,0,0
187a1094-82b0-8949-3e8e-1b78c62581c1,2026-01-01 10:35:00,153.3,0.026272234,0,0
187a1094-82b0-8949-3e8e-1b78c62581c1,2026-01-01 10:40:00,149.1,0.027652327,0,0
187a1094-82b0-8949-3e8e-1b78c62581c1,2026-01-01 10:45:00,143.9,0.044182476,0,0
187a1094-82b0-8949-3e8e-1b78c62581c1,2026-01-01 10:50:00,141.2,0.044182476,0,0
187a1094-82b0-8949-3e8e-1b78c62581c1,2026-01-01 10:55:00,153.9,0.033187244,0,0
187a1094-82b0-8949-3e8e-1b78c62581c1,2026-01-01 11:00:00,147.6,0.46868047,0,0
187a1094-82b0-8949-3e8e-1b78c62581c1,2026-01-01 11:05:00,148.0,0.56954515,0,0
187a1094-82b0-8949-3e8e-1b78c62581c1,2026-01-01 11:10:00,143.6,0.7022568,1,0
187a1094-82b0-8949-3e8e-1b78c62581c1,2026-01-01 11:15:00,145.6,0.6423403,1,0
187a1094-82b0-8949-3e8e-1b78c62581c1,2026-01-01 11:20:00,140.9,0.6988476,1,1
187a1094-82b0-8949-3e8e-1b78c62581c1,2026-01-01 11:25:00,137.0,0.7712358,1,1
187a1094-82b0-8949-3e8e-1b78c62581c1,2026-01-01 11:30:00,136.4,0.8377086,1,1
187a1094-82b0-8949-3e8e-1b78c62581c1,2026-01-01 11:35:00,139.4,0.7616906,1,1
187a1094-82b0-8949-3e8e-1b78c62581c1,2026-01-01 11:40:00,139.6,0.81507915,1,1
187a1094-82b0-8949-3e8e-1b78c62581c1,2026-01-01 11:45:00,139.3,0.83635056,1,1
187a1094-82b0-8949-3e8e-1b78c62581c1,2026-01-01 11:50:00,134.1,0.7504031,1,1
187a1094-82b0-8949-3e8e-1b78c62581c1,2026-01-01 11:55:00,138.5,0.8483874,1,1
187a1094-82b0-8949-3e8e-1b78c62581c1,2026-01-01 12:00:00,128.7,0.83981115,1,1
187a1094-82b0-8949-3e8e-1b78c62581c1,2026-01-01 12:05:00,137.6,0.82866,1,1
187a1094-82b0-8949-3e8e-1b78c62581c1,2026-01-01 12:10:00,134.0,0.89608955,1,1
187a1094-82b0-8949-3e8e-1b78c62581c1,2026-01-01 12:15:00,134.8,0.8873647,1,1
187a1094-82b0-8949-3e8e-1b78c62581c1,2026-01-01 12:20:00,140.1,0.90761673,1,1
187a1094-82b0-8949-3e8e-1b78c62581c1,2026-01-01 12:25:00,136.0,0.8894109,1,1
187a1094-82b0-8949-3e8e-1b78c62581c1,2026-01-01 12:30:00,134.6,0.89513963,1,1
187a1094-82b0-8949-3e8e-1b78c62581c1,2026-01-01 12:35:00,135.3,0.90190476,1,1
187a1094-82b0-8949-3e8e-1b78c62581c1,2026-01-01 12:40:00,138.4,0.8867442,1,1
187a1094-82b0-8949-3e8e-1b78c62581c1,2026-01-01 12:45:00,137.4,0.907116,1,1
187a1094-82b0-8949-3e8e-1b78c62581c1,2026-01-01 12:50:00,140.2,0.8867442,1,0
187a1094-82b0-8949-3e8e-1b78c62581c1,2026-01-01 12:55:00,130.9,0.910929,1,1
187a1094-82b0-8949-3e8e-1b78c62581c1,2026-01-01 13:00:00,132.8,0.7249893,1,0
187a1094-82b0-8949-3e8e-1b78c62581c1,2026-01-01 13:05:00,144.4,0.52410847,0,0
187a1094-82b0-8949-3e8e-1b78c62581c1,2026-01-01 13:10:00,151.6,0.40242052,0,0
187a1094-82b0-8949-3e8e-1b78c62581c1,2026-01-01 13:15:00,154.6,0.4119174,0,0
187a1094-82b0-8949-3e8e-1b78c62581c1,2026-01-01 13:20:00,161.1,0.2631351,0,0
187a1094-82b0-8949-3e8e-1b78c62581c1,2026-01-01 13:25:00,161.4,0.22391203,0,0
187a1094-82b0-8949-3e8e-1b78c62581c1,2026-01-01 13:30:00,162.9,0.12285057,0,0
187a1094-82b0-8949-3e8e-1b78c62581c1,2026-01-01 13:35:00,167.4,0.12491801,0,0
187a1094-82b0-8949-3e8e-1b78c62581c1,2026-01-01 13:40:00,165.7,0.13021538,0,0
187a1094-82b0-8949-3e8e-1b78c62581c1,2026-01-01 13:45:00,170.4,0.1501611,0,0
187a1094-82b0-8949-3e8e-1b78c62581c1,2026-01-01 13:50:00,169.3,0.124226235,0,0
187a1094-82b0-8949-3e8e-1b78c62581c1,2026-01-01 13:55:00,165.9,0.14447248,0,0
187a1094-82b0-8949-3e8e-1b78c62581c1,2026-01-01 14:00:00,173.3,0.01208665,0,0
187a1094-82b0-8949-3e8e-1b78c62581c1,2026-01-01 14:05:00,171.0,0.011291459,0,0
187a1094-82b0-8949-3e8e-1b78c62581c1,2026-01-01 14:10:00,169.4,0.011149291,0,0
187a1094-82b0-8949-3e8e-1b78c62581c1,2026-01-01 14:15:00,171.1,0.009107942,0,0
187a1094-82b0-8949-3e8e-1b78c62581c1,2026-01-01 14:20:00,170.7,0.07568879,0,0
187a1094-82b0-8949-3e8e-1b78c62581c1,2026-01-01 14:25:00,170.4,0.009862058,0,0
187a1094-82b0-8949-3e8e-1b78c62581c1,2026-01-01 14:30:00,164.4,0.006448451,0,0
187a1094-82b0-8949-3e8e-1b78c62581c1,2026-01-01 14:35:00,162.4,0.0074638613,0,0
187a1094-82b0-8949-3e8e-1b78c62581c1,2026-01-01 14:40:00,161.9,0.0068208887,0,0
187a1094-82b0-8949-3e8e-1b78c62581c1,2026-01-01 14:45:00,171.2,0.026716156,0,0
187a1094-82b0-8949-3e8e-1b78c62581c1,2026-01-01 14:50:00,159.2,0.005888687,0,0
187a1094-82b0-8949-3e8e-1b78c62581c1,2026-01-01 14:55:00,164.1,0.006180175,0,0
187a1094-82b0-8949-3e8e-1b78c62581c1,2026-01-01 15:00:00,156.4,0.0063293655,0,0
187a1094-82b0-8949-3e8e-1b78c62581c1,2026-01-01 15:05:00,154.9,0.0074409177,0,0
187a1094-82b0-8949-3e8e-1b78c62581c1,2026-01-01 15:10:00,152.3,0.05548541,0,0
187a1094-82b0-8949-3e8e-1b78c62581c1,2026-01-01 15:15:00,151.7,0.010702327,0,0
187a1094-82b0-8949-3e8e-1b78c62581c1,2026-01-01 15:20:00,154.0,0.007052339,0,0
187a1094-82b0-8949-3e8e-1b78c62581c1,2026-01-01 15:25:00,154.4,0.0064160204,0,0
187a1094-82b0-8949-3e8e-1b78c62581c1,2026-01-01 15:30:00,153.8,0.018872116,0,0
187a1094-82b0-8949-3e8e-1b78c62581c1,2026-01-01 15:35:00,152.7,0.010745477,0,0
187a1094-82b0-8949-3e8e-1b78c62581c1,2026-01-01 15:40:00,152.3,0.008391048,0,0
187a1094-82b0-8949-3e8e-1b78c62581c1,2026-01-01 15:45:00,148.4,0.0074957027,0,0
187a1094-82b0-8949-3e8e-1b78c62581c1,2026-01-01 15:50:00,141.9,0.010045163,0,0
187a1094-82b0-8949-3e8e-1b78c62581c1,2026-01-01 15:55:00,147.1,0.010845026,0,0
187a1094-82b0-8949-3e8e-1b78c62581c1,2026-01-01 16:00:00,144.6,0.012616725,0,0
187a1094-82b0-8949-3e8e-1b78c62581c1,2026-01-01 16:05:00,147.6,0.017724805,0,0
187a1094-82b0-8949-3e8e-1b78c62581c1,2026-01-01 16:10:00,147.2,0.25985608,0,0
187a1094-82b0-8949-3e8e-1b78c62581c1,2026-01-01 16:15:00,142.0,0.032636147,0,0
187a1094-82b0-8949-3e8e-1b78c62581c1,2026-01-01 16:20:00,145.9,0.021406299,0,0
187a1094-82b0-8949-3e8e-1b78c62581c1,2026-01-01 16:25:00,142.3,0.03270328,0,0
187a1094-82b0-8949-3e8e-1b78c62581c1,2026-01-01 16:30:00,139.2,0.039771345,0,0
187a1094-82b0-8949-3e8e-1b78c62581c1,2026-01-01 16:35:00,148.2,0.026438024,0,0
187a1094-82b0-8949-3e8e-1b78c62581c1,2026-01-01 16:40:00,139.6,0.037721116,0,0
187a1094-82b0-8949-3e8e-1b78c62581c1,2026-01-01 16:45:00,142.3,0.037721116,0,0
187a1094-82b0-8949-3e8e-1b78c62581c1,2026-01-01 16:50:00,143.4,0.038313363,0,0
187a1094-82b0-8949-3e8e-1b78c62581c1,2026-01-01 16:55:00,140.6,0.038313363,0,0
187a1094-82b0-8949-3e8e-1b78c62581c1,2026-01-01 17:00:00,137.1,0.46293285,0,0
187a1094-82b0-8949-3e8e-1b78c62581c1,2026-01-01 17:05:00,137.1,0.6042337,0,0
187a1094-82b0-8949-3e8e-1b78c62581c1,2026-01-01 17:10:00,131.1,0.3173074,0,0
187a1094-82b0-8949-3e8e-1b78c62581c1,2026-01-01 17:15:00,134.3,0.39291346,0,0
187a1094-82b0-8949-3e8e-1b78c62581c1,2026-01-01 17:20:00,139.1,0.8493539,1,1
187a1094-82b0-8949-3e8e-1b78c62581c1,2026-01-01 17:25:00,135.9,0.8731037,1,1
187a1094-82b0-8949-3e8e-1b78c62581c1,2026-01-01 17:30:00,137.6,0.8826618,1,0
187a1094-82b0-8949-3e8e-1b78c62581c1,2026-01-01 17:35:00,132.1,0.8858645,1,1
187a1094-82b0-8949-3e8e-1b78c62581c1,2026-01-01 17:40:00,134.5,0.879229,1,1
187a1094-82b0-8949-3e8e-1b78c62581c1,2026-01-01 17:45:00,136.3,0.879229,1,1
187a1094-82b0-8949-3e8e-1b78c62581c1,2026-01-01 17:50:00,134.6,0.88111854,1,1
187a1094-82b0-8949-3e8e-1b78c62581c1,2026-01-01 17:55:00,139.8,0.8805259,1,1
187a1094-82b0-8949-3e8e-1b78c62581c1,2026-01-01 18:00:00,132.5,0.92304856,1,1
187a1094-82b0-8949-3e8e-1b78c62581c1,2026-01-01 18:05:00,134.2,0.9183757,1,1
187a1094-82b0-8949-3e8e-1b78c62581c1,2026-01-01 18:10:00,134.4,0.9183757,1,1
187a1094-82b0-8949-3e8e-1b78c62581c1,2026-01-01 18:15:00,130.8,0.9169909,1,1
187a1094-82b0-8949-3e8e-1b78c62581c1,2026-01-01 18:20:00,129.5,0.9210004,1,1
187a1094-82b0-8949-3e8e-1b78c62581c1,2026-01-01 18:25:00,134.1,0.814966,1,1
187a1094-82b0-8949-3e8e-1b78c62581c1,2026-01-01 18:30:00,135.5,0.9194045,1,1
187a1094-82b0-8949-3e8e-1b78c62581c1,2026-01-01 18:35:00,134.6,0.91947496,1,0
187a1094-82b0-8949-3e8e-1b78c62581c1,2026-01-01 18:40:00,134.9,0.9165257,1,1
187a1094-82b0-8949-3e8e-1b78c62581c1,2026-01-01 18:45:00,131.0,0.8969135,1,0
187a1094-82b0-8949-3e8e-1b78c62581c1,2026-01-01 18:50:00,130.0,0.8961237,1,0
187a1094-82b0-8949-3e8e-1b78c62581c1,2026-01-01 18:55:00,131.6,0.8122687,1,1
187a1094-82b0-8949-3e8e-1b78c62581c1,2026-01-01 19:00:00,136.2,0.4710715,0,0
187a1094-82b0-8949-3e8e-1b78c62581c1,2026-01-01 19:05:00,141.5,0.33373368,0,0
187a1094-82b0-8949-3e8e-1b78c62581c1,2026-01-01 19:10:00,141.6,0.25619486,0,0
187a1094-82b0-8949-3e8e-1b78c62581c1,2026-01-01 19:15:00,152.0,0.26926115,0,0
187a1094-82b0-8949-3e8e-1b78c62581c1,2026-01-01 19:20:00,162.1,0.29272854,0,0
187a1094-82b0-8949-3e8e-1b78c62581c1,2026-01-01 19:25:00,161.4,0.26822653,0,0
187a1094-82b0-8949-3e8e-1b78c62581c1,2026-01-01 19:30:00,158.5,0.12276767,0,0
187a1094-82b0-8949-3e8e-1b78c62581c1,2026-01-01 19:35:00,165.8,0.09833786,0,0
187a1094-82b0-8949-3e8e-1b78c62581c1,2026-01-01 19:40:00,164.7,0.076893605,0,0
187a1094-82b0-8949-3e8e-1b78c62581c1,2026-01-01 19:45:00,163.3,0.08750106,0,0
187a1094-82b0-8949-3e8e-1b78c62581c1,2026-01-01 19:50:00,167.1,0.06655261,0,0
187a1094-82b0-8949-3e8e-1b78c62581c1,2026-01-01 19:55:00,170.2,0.0955136,0,0
187a1094-82b0-8949-3e8e-1b78c62581c1,2026-01-01 20:00:00,164.2,0.011443643,0,0
187a1094-82b0-8949-3e8e-1b78c62581c1,2026-01-01 20:05:00,167.3,0.009765483,0,0
187a1094-82b0-8949-3e8e-1b78c62581c1,2026-01-01 20:10:00,163.3,0.006090971,0,0
187a1094-82b0-8949-3e8e-1b78c62581c1,2026-01-01 20:15:00,161.8,0.0058972407,0,0
187a1094-82b0-8949-3e8e-1b78c62581c1,2026-01-01 20:20:00,162.3,0.0040320926,0,0
187a1094-82b0-8949-3e8e-1b78c62581c1,2026-01-01 20:25:00,161.2,0.0039578034,0,0
187a1094-82b0-8949-3e8e-1b78c62581c1,2026-01-01 20:30:00,163.2,0.0033521433,0,0
187a1094-82b0-8949-3e8e-1b78c62581c1,2026-01-01 20:35:00,159.6,0.0076625305,0,0
187a1094-82b0-8949-3e8e-1b78c62581c1,2026-01-01 20:40:00,165.9,0.004175297,0,0
187a1094-82b0-8949-3e8e-1b78c62581c1,2026-01-01 20:45:00,157.5,0.0032645436,0,0
187a1094-82b0-8949-3e8e-1b78c62581c1,2026-01-01 20:50:00,159.4,0.0030901958,0,0
187a1094-82b0-8949-3e8e-1b78c62581c1,2026-01-01 20:55:00,162.1,0.0032645436,0,0
187a1094-82b0-8949-3e8e-1b78c62581c1,2026-01-01 21:00:00,155.7,0.003771461,0,0
187a1094-82b0-8949-3e8e-1b78c62581c1,2026-01-01 21:05:00,156.6,0.0043565044,0,0
187a1094-82b0-8949-3e8e-1b78c62581c1,2026-01-01 21:10:00,159.9,0.0048491494,0,0
187a1094-82b0-8949-3e8e-1b78c62581c1,2026-01-01 21:15:00,154.5,0.004239511,0,0
187a1094-82b0-8949-3e8e-1b78c62581c1,2026-01-01 21:20:00,148.5,0.004494491,0,0
187a1094-82b0-8949-3e8e-1b78c62581c1,2026-01-01 21:25:00,153.2,0.0038996171,0,0
187a1094-82b0-8949-3e8e-1b78c62581c1,2026-01-01 21:30:00,156.0,0.0036463386,0,0
187a1094-82b0-8949-3e8e-1b78c62581c1,2026-01-01 21:35:00,147.4,0.0036283059,0,0
187a1094-82b0-8949-3e8e-1b78c62581c1,2026-01-01 21:40:00,152.5,0.0050718375,0,0
187a1094-82b0-8949-3e8e-1b78c62581c1,2026-01-01 21:45:00,149.3,0.0038480198,0,0
187a1094-82b0-8949-3e8e-1b78c62581c1,2026-01-01 21:50:00,146.2,0.004158879,0,0
187a1094-82b0-8949-3e8e-1b78c62581c1,2026-01-01 21:55:00,147.0,0.0053548147,0,0
327c1aa7-a065-a2e1-4bd7-5c2a1b0ee87a,2026-01-01 00:25:00,122.4,0.0039479956,0,0
327c1aa7-a065-a2e1-4bd7-5c2a1b0ee87a,2026-01-01 00:30:00,120.3,0.003588605,0,0
327c1aa7-a065-a2e1-4bd7-5c2a1b0ee87a,2026-01-01 00:35:00,126.5,0.0068948073,0,0
327c1aa7-a065-a2e1-4bd7-5c2a1b0ee87a,2026-01-01 00:40:00,125.7,0.005525108,0,0
327c1aa7-a065-a2e1-4bd7-5c2a1b0ee87a,2026-01-01 00:45:00,126.5,0.006028366,0,0
327c1aa7-a065-a2e1-4bd7-5c2a1b0ee87a,2026-01-01 00:50:00,124.4,0.0043230765,0,0
327c1aa7-a065-a2e1-4bd7-5c2a1b0ee87a,2026-01-01 00:55:00,127.3,0.005914365,0,0
327c1aa7-a065-a2e1-4bd7-5c2a1b0ee87a,2026-01-01 01:00:00,129.5,0.005820564,0,0
327c1aa7-a065-a2e1-4bd7-5c2a1b0ee87a,2026-01-01 01:05:00,129.3,0.005798094,0,0
327c1aa7-a065-a2e1-4bd7-5c2a1b0ee87a,2026-01-01 01:10:00,122.3,0.0053367363,0,0
327c1aa7-a065-a2e1-4bd7-5c2a1b0ee87a,2026-01-01 01:15:00,132.2,0.00499082,0,0
327c1aa7-a065-a2e1-4bd7-5c2a1b0ee87a,2026-01-01 01:20:00,126.7,0.0062684854,0,0
327c1aa7-a065-a2e1-4bd7-5c2a1b0ee87a,2026-01-01 01:25:00,120.5,0.006097013,0,0
327c1aa7-a065-a2e1-4bd7-5c2a1b0ee87a,2026-01-01 01:30:00,126.1,0.007095763,0,0
327c1aa7-a065-a2e1-4bd7-5c2a1b0ee87a,2026-01-01 01:35:00,125.4,0.007036846,0,0
327c1aa7-a065-a2e1-4bd7-5c2a1b0ee87a,2026-01-01 01:40:00,124.4,0.007488062,0,0
327c1aa7-a065-a2e1-4bd7-5c2a1b0ee87a,2026-01-01 01:45:00,124.1,0.0058832294,0,0
327c1aa7-a065-a2e1-4bd7-5c2a1b0ee87a,2026-01-01 01:50:00,126.9,0.00593101,0,0
327c1aa7-a065-a2e1-4bd7-5c2a1b0ee87a,2026-01-01 01:55:00,126.9,0.007226429,0,0
327c1aa7-a065-a2e1-4bd7-5c2a1b0ee87a,2026-01-01 02:00:00,123.0,0.0035674125,0,0
327c1aa7-a065-a2e1-4bd7-5c2a1b0ee87a,2026-01-01 02:05:00,123.1,0.0036099213,0,0
327c1aa7-a065-a2e1-4bd7-5c2a1b0ee87a,2026-01-01 02:10:00,123.0,0.0039175693,0,0
327c1aa7-a065-a2e1-4bd7-5c2a1b0ee87a,2026-01-01 02:15:00,124.2,0.0047735977,0,0
327c1aa7-a065-a2e1-4bd7-5c2a1b0ee87a,2026-01-01 02:20:00,127.4,0.004110907,0,0
327c1aa7-a065-a2e1-4bd7-5c2a1b0ee87a,2026-01-01 02:25:00,128.4,0.004464564,0,0
327c1aa7-a065-a2e1-4bd7-5c2a1b0ee87a,2026-01-01 02:30:00,124.1,0.0051024486,0,0
327c1aa7-a065-a2e1-4bd7-5c2a1b0ee87a,2026-01-01 02:35:00,128.0,0.0061270804,0,0
327c1aa7-a065-a2e1-4bd7-5c2a1b0ee87a,2026-01-01 02:40:00,126.1,0.007627084,0,0
327c1aa7-a065-a2e1-4bd7-5c2a1b0ee87a,2026-01-01 02:45:00,125.1,0.010047004,0,0
327c1aa7-a065-a2e1-4bd7-5c2a1b0ee87a,2026-01-01 02:50:00,130.3,0.008478867,0,0
327c1aa7-a065-a2e1-4bd7-5c2a1b0ee87a,2026-01-01 02:55:00,125.7,0.008874597,0,0
327c1aa7-a065-a2e1-4bd7-5c2a1b0ee87a,2026-01-01 03:00:00,124.3,0.0053190985,0,0
327c1aa7-a065-a2e1-4bd7-5c2a1b0ee87a,2026-01-01 03:05:00,127.3,0.0055571008,0,0
327c1aa7-a065-a2e1-4bd7-5c2a1b0ee87a,2026-01-01 03:10:00,121.1,0.0041443952,0,0
327c1aa7-a065-a2e1-4bd7-5c2a1b0ee87a,2026-01-01 03:15:00,124.1,0.005545284,0,0
327c1aa7-a065-a2e1-4bd7-5c2a1b0ee87a,2026-01-01 03:20:00,125.5,0.0042171474,0,0
327c1aa7-a065-a2e1-4bd7-5c2a1b0ee87a,2026-01-01 03:25:00,126.9,0.0048255776,0,0
327c1aa7-a065-a2e1-4bd7-5c2a1b0ee87a,2026-01-01 03:30:00,125.5,0.0051181926,0,0
327c1aa7-a065-a2e1-4bd7-5c2a1b0ee87a,2026-01-01 03:35:00,120.9,0.003247158,0,0
327c1aa7-a065-a2e1-4bd7-5c2a1b0ee87a,2026-01-01 03:40:00,122.1,0.0034130174,0,0
327c1aa7-a065-a2e1-4bd7-5c2a1b0ee87a,2026-01-01 03:45:00,123.5,0.0034503,0,0
327c1aa7-a065-a2e1-4bd7-5c2a1b0ee87a,2026-01-01 03:50:00,125.5,0.0040136715,0,0
327c1aa7-a065-a2e1-4bd7-5c2a1b0ee87a,2026-01-01 03:55:00,120.9,0.0037147207,0,0
327c1aa7-a065-a2e1-4bd7-5c2a1b0ee87a,2026-01-01 04:00:00,129.0,0.002865906,0,0
327c1aa7-a065-a2e1-4bd7-5c2a1b0ee87a,2026-01-01 04:05:00,125.7,0.0027053775,0,0
327c1aa7-a065-a2e1-4bd7-5c2a1b0ee87a,2026-01-01 04:10:00,125.6,0.0041694227,0,0
327c1aa7-a065-a2e1-4bd7-5c2a1b0ee87a,2026-01-01 04:15:00,124.2,0.005665641,0,0
327c1aa7-a065-a2e1-4bd7-5c2a1b0ee87a,2026-01-01 04:20:00,120.4,0.0028451693,0,0
327c1aa7-a065-a2e1-4bd7-5c2a1b0ee87a,2026-01-01 04:25:00,125.0,0.0045799017,0,0
327c1aa7-a065-a2e1-4bd7-5c2a1b0ee87a,2026-01-01 04:30:00,127.0,0.0050034216,0,0
327c1aa7-a065-a2e1-4bd7-5c2a1b0ee87a,2026-01-01 04:35:00,124.3,0.003942745,0,0
327c1aa7-a065-a2e1-4bd7-5c2a1b0ee87a,2026-01-01 04:40:00,128.0,0.0050877067,0,0
327c1aa7-a065-a2e1-4bd7-5c2a1b0ee87a,2026-01-01 04:45:00,124.6,0.0062380335,0,0
327c1aa7-a065-a2e1-4bd7-5c2a1b0ee87a,2026-01-01 04:50:00,126.8,0.008014484,0,0
327c1aa7-a065-a2e1-4bd7-5c2a1b0ee87a,2026-01-01 04:55:00,124.4,0.008294979,0,0
327c1aa7-a065-a2e1-4bd7-5c2a1b0ee87a,2026-01-01 05:00:00,125.9,0.004510668,0,0
327c1aa7-a065-a2e1-4bd7-5c2a1b0ee87a,2026-01-01 05:05:00,127.4,0.004964167,0,0
327c1aa7-a065-a2e1-4bd7-5c2a1b0ee87a,2026-01-01 05:10:00,121.5,0.003993183,0,0
327c1aa7-a065-a2e1-4bd7-5c2a1b0ee87a,2026-01-01 05:15:00,126.7,0.0044254046,0,0
327c1aa7-a065-a2e1-4bd7-5c2a1b0ee87a,2026-01-01 05:20:00,127.9,0.0041644857,0,0
327c1aa7-a065-a2e1-4bd7-5c2a1b0ee87a,2026-01-01 05:25:00,131.3,0.0057337685,0,0
327c1aa7-a065-a2e1-4bd7-5c2a1b0ee87a,2026-01-01 05:30:00,125.0,0.007859324,0,0
327c1aa7-a065-a2e1-4bd7-5c2a1b0ee87a,2026-01-01 05:35:00,118.4,0.0058284383,0,0
327c1aa7-a065-a2e1-4bd7-5c2a1b0ee87a,2026-01-01 05:40:00,119.4,0.005750497,0,0
327c1aa7-a065-a2e1-4bd7-5c2a1b0ee87a,2026-01-01 05:45:00,122.1,0.0038270717,0,0
327c1aa7-a065-a2e1-4bd7-5c2a1b0ee87a,2026-01-01 05:50:00,128.6,0.0041016275,0,0
327c1aa7-a065-a2e1-4bd7-5c2a1b0ee87a,2026-01-01 05:55:00,131.3,0.0038355556,0,0
327c1aa7-a065-a2e1-4bd7-5c2a1b0ee87a,2026-01-01 06:00:00,123.5,0.0030144893,0,0
327c1aa7-a065-a2e1-4bd7-5c2a1b0ee87a,2026-01-01 06:05:00,124.9,0.008022343,0,0
327c1aa7-a065-a2e1-4bd7-5c2a1b0ee87a,2026-01-01 06:10:00,117.0,0.0059075365,0,0
327c1aa7-a065-a2e1-4bd7-5c2a1b0ee87a,2026-01-01 06:15:00,126.7,0.006467101,0,0
327c1aa7-a065-a2e1-4bd7-5c2a1b0ee87a,2026-01-01 06:20:00,125.1,0.21985102,0,0
327c1aa7-a065-a2e1-4bd7-5c2a1b0ee87a,2026-01-01 06:25:00,124.0,0.09553521,0,0
327c1aa7-a065-a2e1-4bd7-5c2a1b0ee87a,2026-01-01 06:30:00,121.9,0.066176414,0,0
327c1aa7-a065-a2e1-4bd7-5c2a1b0ee87a,2026-01-01 06:35:00,123.7,0.08286479,0,0
327c1aa7-a065-a2e1-4bd7-5c2a1b0ee87a,2026-01-01 06:40:00,120.7,0.058742996,0,0
327c1aa7-a065-a2e1-4bd7-5c2a1b0ee87a,2026-01-01 06:45:00,122.2,0.063650966,0,0
327c1aa7-a065-a2e1-4bd7-5c2a1b0ee87a,2026-01-01 06:50:00,120.9,0.067965835,0,0
327c1aa7-a065-a2e1-4bd7-5c2a1b0ee87a,2026-01-01 06:55:00,121.7,0.058194257,0,0
327c1aa7-a065-a2e1-4bd7-5c2a1b0ee87a,2026-01-01 07:00:00,121.3,0.042028412,0,0
327c1aa7-a065-a2e1-4bd7-5c2a1b0ee87a,2026-01-01 07:05:00,126.5,0.24174412,0,0
327c1aa7-a065-a2e1-4bd7-5c2a1b0ee87a,2026-01-01 07:10:00,121.3,0.15118857,0,0
327c1aa7-a065-a2e1-4bd7-5c2a1b0ee87a,2026-01-01 07:15:00,124.6,0.33168045,0,0
327c1aa7-a065-a2e1-4bd7-5c2a1b0ee87a,2026-01-01 07:20:00,121.5,0.105880514,0,0
327c1aa7-a065-a2e1-4bd7-5c2a1b0ee87a,2026-01-01 07:25:00,121.6,0.054842707,0,0
327c1aa7-a065-a2e1-4bd7-5c2a1b0ee87a,2026-01-01 07:30:00,121.5,0.074090935,0,0
327c1aa7-a065-a2e1-4bd7-5c2a1b0ee87a,2026-01-01 07:35:00,127.7,0.1385335,0,0
327c1aa7-a065-a2e1-4bd7-5c2a1b0ee87a,2026-01-01 07:40:00,124.2,0.16949083,0,0
327c1aa7-a065-a2e1-4bd7-5c2a1b0ee87a,2026-01-01 07:45:00,122.5,0.05822258,0,0
327c1aa7-a065-a2e1-4bd7-5c2a1b0ee87a,2026-01-01 07:50:00,121.7,0.06117646,0,0
327c1aa7-a065-a2e1-4bd7-5c2a1b0ee87a,2026-01-01 07:55:00,120.7,0.07163528,0,0
327c1aa7-a065-a2e1-4bd7-5c2a1b0ee87a,2026-01-01 08:00:00,122.6,0.03621499,0,0
327c1aa7-a065-a2e1-4bd7-5c2a1b0ee87a,2026-01-01 08:05:00,127.3,0.0613291,0,0
327c1aa7-a065-a2e1-4bd7-5c2a1b0ee87a,2026-01-01 08:10:00,136.1,0.13044642,0,0
327c1aa7-a065-a2e1-4bd7-5c2a1b0ee87a,2026-01-01 08:15:00,140.1,0.2798606,0,0
327c1aa7-a065-a2e1-4bd7-5c2a1b0ee87a,2026-01-01 08:20:00,143.9,0.35894042,0,0
327c1aa7-a065-a2e1-4bd7-5c2a1b0ee87a,2026-01-01 08:25:00,153.2,0.4420504,0,0
327c1aa7-a065-a2e1-4bd7-5c2a1b0ee87a,2026-01-01 08:30:00,151.3,0.3771317,0,0
327c1aa7-a065-a2e1-4bd7-5c2a1b0ee87a,2026-01-01 08:35:00,153.5,0.24223036,0,0
327c1aa7-a065-a2e1-4bd7-5c2a1b0ee87a,2026-01-01 08:40:00,159.4,0.26695597,0,0
327c1aa7-a065-a2e1-4bd7-5c2a1b0ee87a,2026-01-01 08:45:00,152.6,0.30748597,0,0
327c1aa7-a065-a2e1-4bd7-5c2a1b0ee87a,2026-01-01 08:50:00,155.9,0.41344664,0,0
327c1aa7-a065-a2e1-4bd7-5c2a1b0ee87a,2026-01-01 08:55:00,153.1,0.466414,0,0
327c1aa7-a065-a2e1-4bd7-5c2a1b0ee87a,2026-01-01 09:00:00,158.1,0.1309061,0,0
327c1aa7-a065-a2e1-4bd7-5c2a1b0ee87a,2026-01-01 09:05:00,159.6,0.31587192,0,0
327c1aa7-a065-a2e1-4bd7-5c2a1b0ee87a,2026-01-01 09:10:00,150.2,0.11957448,0,0
327c1aa7-a065-a2e1-4bd7-5c2a1b0ee87a,2026-01-01 09:15:00,159.6,0.111878194,0,0
327c1aa7-a065-a2e1-4bd7-5c2a1b0ee87a,2026-01-01 09:20:00,157.3,0.12091017,0,0
327c1aa7-a065-a2e1-4bd7-5c2a1b0ee87a,2026-01-01 09:25:00,155.8,0.08610012,0,0
327c1aa7-a065-a2e1-4bd7-5c2a1b0ee87a,2026-01-01 09:30:00,151.1,0.10565844,0,0
327c1aa7-a065-a2e1-4bd7-5c2a1b0ee87a,2026-01-01 09:35:00,156.3,0.108613476,0,0
327c1aa7-a065-a2e1-4bd7-5c2a1b0ee87a,2026-01-01 09:40:00,158.1,0.11019137,0,0
327c1aa7-a065-a2e1-4bd7-5c2a1b0ee87a,2026-01-01 09:45:00,150.9,0.11019137,0,0
327c1aa7-a065-a2e1-4bd7-5c2a1b0ee87a,2026-01-01 09:50:00,150.2,0.11019137,0,0
327c1aa7-a065-a2e1-4bd7-5c2a1b0ee87a,2026-01-01 09:55:00,150.2,0.11010176,0,0
327c1aa7-a065-a2e1-4bd7-5c2a1b0ee87a,2026-01-01 10:00:00,147.9,0.07336093,0,0
327c1aa7-a065-a2e1-4bd7-5c2a1b0ee87a,2026-01-01 10:05:00,147.6,0.07336093,0,0
327c1aa7-a065-a2e1-4bd7-5c2a1b0ee87a,2026-01-01 10:10:00,150.2,0.08147606,0,0
327c1aa7-a065-a2e1-4bd7-5c2a1b0ee87a,2026-01-01 10:15:00,145.9,0.08147606,0,0
327c1aa7-a065-a2e1-4bd7-5c2a1b0ee87a,2026-01-01 10:20:00,146.0,0.078125276,0,0
327c1aa7-a065-a2e1-4bd7-5c2a1b0ee87a,2026-01-01 10:25:00,150.3,0.0893879,0,0
327c1aa7-a065-a2e1-4bd7-5c2a1b0ee87a,2026-01-01 10:30:00,147.6,0.11413212,0,0
327c1aa7-a065-a2e1-4bd7-5c2a1b0ee87a,2026-01-01 10:35:00,139.2,0.15120997,0,0
327c1aa7-a065-a2e1-4bd7-5c2a1b0ee87a,2026-01-01 10:40:00,146.7,0.143121,0,0
327c1aa7-a065-a2e1-4bd7-5c2a1b0ee87a,2026-01-01 10:45:00,144.7,0.21299684,0,0
327c1aa7-a065-a2e1-4bd7-5c2a1b0ee87a,2026-01-01 10:50:00,144.2,0.14998156,0,0
327c1aa7-a065-a2e1-4bd7-5c2a1b0ee87a,2026-01-01 10:55:00,137.1,0.18781897,0,0
327c1aa7-a065-a2e1-4bd7-5c2a1b0ee87a,2026-01-01 11:00:00,138.8,0.79441065,1,0
327c1aa7-a065-a2e1-4bd7-5c2a1b0ee87a,2026-01-01 11:05:00,136.3,0.79292434,1,0
327c1aa7-a065-a2e1-4bd7-5c2a1b0ee87a,2026-01-01 11:10:00,137.1,0.8027548,1,0
327c1aa7-a065-a2e1-4bd7-5c2a1b0ee87a,2026-01-01 11:15:00,141.3,0.80530655,1,0
327c1aa7-a065-a2e1-4bd7-5c2a1b0ee87a,2026-01-01 11:20:00,135.9,0.80530655,1,0
327c1aa7-a065-a2e1-4bd7-5c2a1b0ee87a,2026-01-01 11:25:00,129.7,0.8352184,1,0
327c1aa7-a065-a2e1-4bd7-5c2a1b0ee87a,2026-01-01 11:30:00,133.1,0.8867526,1,0
327c1aa7-a065-a2e1-4bd7-5c2a1b0ee87a,2026-01-01 11:35:00,131.7,0.88981813,1,0
327c1aa7-a065-a2e1-4bd7-5c2a1b0ee87a,2026-01-01 11:40:00,138.6,0.88981813,1,0
327c1aa7-a065-a2e1-4bd7-5c2a1b0ee87a,2026-01-01 11:45:00,130.2,0.88322616,1,1
327c1aa7-a065-a2e1-4bd7-5c2a1b0ee87a,2026-01-01 11:50:00,131.0,0.9020528,1,1
327c1aa7-a065-a2e1-4bd7-5c2a1b0ee87a,2026-01-01 11:55:00,130.6,0.88788706,1,1
327c1aa7-a065-a2e1-4bd7-5c2a1b0ee87a,2026-01-01 12:00:00,136.1,0.9174817,1,1
327c1aa7-a065-a2e1-4bd7-5c2a1b0ee87a,2026-01-01 12:05:00,133.8,0.91869956,1,1
327c1aa7-a065-a2e1-4bd7-5c2a1b0ee87a,2026-01-01 12:10:00,132.3,0.8927242,1,1
327c1aa7-a065-a2e1-4bd7-5c2a1b0ee87a,2026-01-01 12:15:00,130.9,0.90019554,1,1
327c1aa7-a065-a2e1-4bd7-5c2a1b0ee87a,2026-01-01 12:20:00,130.5,0.919292,1,1
327c1aa7-a065-a2e1-4bd7-5c2a1b0ee87a,2026-01-01 12:25:00,129.8,0.9375692,1,1
327c1aa7-a065-a2e1-4bd7-5c2a1b0ee87a,2026-01-01 12:30:00,135.4,0.9142908,1,1
327c1aa7-a065-a2e1-4bd7-5c2a1b0ee87a,2026-01-01 12:35:00,125.2,0.9234527,1,1
327c1aa7-a065-a2e1-4bd7-5c2a1b0ee87a,2026-01-01 12:40:00,120.4,0.767256,1,0
327c1aa7-a065-a2e1-4bd7-5c2a1b0ee87a,2026-01-01 12:45:00,129.8,0.87394196,1,1
327c1aa7-a065-a2e1-4bd7-5c2a1b0ee87a,2026-01-01 12:50:00,132.4,0.80022854,1,0
327c1aa7-a065-a2e1-4bd7-5c2a1b0ee87a,2026-01-01 12:55:00,128.5,0.82459724,1,0
327c1aa7-a065-a2e1-4bd7-5c2a1b0ee87a,2026-01-01 13:00:00,121.8,0.50434726,0,0
327c1aa7-a065-a2e1-4bd7-5c2a1b0ee87a,2026-01-01 13:05:00,137.9,0.3348304,0,0
327c1aa7-a065-a2e1-4bd7-5c2a1b0ee87a,2026-01-01 13:10:00,139.0,0.458326,0,0
327c1aa7-a065-a2e1-4bd7-5c2a1b0ee87a,2026-01-01 13:15:00,143.8,0.55729,0,0
327c1aa7-a065-a2e1-4bd7-5c2a1b0ee87a,2026-01-01 13:20:00,149.2,0.61256,0,0
327c1aa7-a065-a2e1-4bd7-5c2a1b0ee87a,2026-01-01 13:25:00,150.9,0.62285566,0,0
327c1aa7-a065-a2e1-4bd7-5c2a1b0ee87a,2026-01-01 13:30:00,159.2,0.5479731,0,0
327c1aa7-a065-a2e1-4bd7-5c2a1b0ee87a,2026-01-01 13:35:00,158.9,0.47970313,0,0
327c1aa7-a065-a2e1-4bd7-5c2a1b0ee87a,2026-01-01 13:40:00,158.5,0.45904386,0,0
327c1aa7-a065-a2e1-4bd7-5c2a1b0ee87a,2026-01-01 13:45:00,170.7,0.47094288,0,0
327c1aa7-a065-a2e1-4bd7-5c2a1b0ee87a,2026-01-01 13:50:00,162.7,0.44746432,0,0
327c1aa7-a065-a2e1-4bd7-5c2a1b0ee87a,2026-01-01 13:55:00,164.8,0.45740888,0,0
327c1aa7-a065-a2e1-4bd7-5c2a1b0ee87a,2026-01-01 14:00:00,169.4,0.21681641,0,0
327c1aa7-a065-a2e1-4bd7-5c2a1b0ee87a,2026-01-01 14:05:00,166.5,0.08830131,0,0
327c1aa7-a065-a2e1-4bd7-5c2a1b0ee87a,2026-01-01 14:10:00,169.8,0.04986639,0,0
327c1aa7-a065-a2e1-4bd7-5c2a1b0ee87a,2026-01-01 14:15:00,161.3,0.21667023,0,0
327c1aa7-a065-a2e1-4bd7-5c2a1b0ee87a,2026-01-01 14:20:00,165.8,0.03477412,0,0
327c1aa7-a065-a2e1-4bd7-5c2a1b0ee87a,2026-01-01 14:25:00,163.2,0.024785249,0,0
327c1aa7-a065-a2e1-4bd7-5c2a1b0ee87a,2026-01-01 14:30:00,163.8,0.025119454,0,0
327c1aa7-a065-a2e1-4bd7-5c2a1b0ee87a,2026-01-01 14:35:00,162.2,0.025119454,0,0
327c1aa7-a065-a2e1-4bd7-5c2a1b0ee87a,2026-01-01 14:40:00,156.2,0.025119454,0,0
327c1aa7-a065-a2e1-4bd7-5c2a1b0ee87a,2026-01-01 14:45:00,165.9,0.024725908,0,0
327c1aa7-a065-a2e1-4bd7-5c2a1b0ee87a,2026-01-01 14:50:00,149.4,0.113626696,0,0
327c1aa7-a065-a2e1-4bd7-5c2a1b0ee87a,2026-01-01 14:55:00,152.4,0.026135422,0,0
327c1aa7-a065-a2e1-4bd7-5c2a1b0ee87a,2026-01-01 15:00:00,155.8,0.024624733,0,0
327c1aa7-a065-a2e1-4bd7-5c2a1b0ee87a,2026-01-01 15:05:00,153.4,0.026073232,0,0
327c1aa7-a065-a2e1-4bd7-5c2a1b0ee87a,2026-01-01 15:10:00,151.7,0.16822012,0,0
327c1aa7-a065-a2e1-4bd7-5c2a1b0ee87a,2026-01-01 15:15:00,152.3,0.03572453,0,0
327c1aa7-a065-a2e1-4bd7-5c2a1b0ee87a,2026-01-01 15:20:00,146.4,0.028540747,0,0
327c1aa7-a065-a2e1-4bd7-5c2a1b0ee87a,2026-01-01 15:25:00,150.3,0.025445895,0,0
327c1aa7-a065-a2e1-4bd7-5c2a1b0ee87a,2026-01-01 15:30:00,146.3,0.02966744,0,0
327c1aa7-a065-a2e1-4bd7-5c2a1b0ee87a,2026-01-01 15:35:00,149.8,0.028382894,0,0
327c1aa7-a065-a2e1-4bd7-5c2a1b0ee87a,2026-01-01 15:40:00,143.6,0.027434304,0,0
327c1aa7-a065-a2e1-4bd7-5c2a1b0ee87a,2026-01-01 15:45:00,144.9,0.036333907,0,0
327c1aa7-a065-a2e1-4bd7-5c2a1b0ee87a,2026-01-01 15:50:00,144.4,0.039993647,0,0
327c1aa7-a065-a2e1-4bd7-5c2a1b0ee87a,2026-01-01 15:55:00,144.3,0.039993647,0,0
327c1aa7-a065-a2e1-4bd7-5c2a1b0ee87a,2026-01-01 16:00:00,140.8,0.03435849,0,0
327c1aa7-a065-a2e1-4bd7-5c2a1b0ee87a,2026-01-01 16:05:00,138.9,0.052335847,0,0
327c1aa7-a065-a2e1-4bd7-5c2a1b0ee87a,2026-01-01 16:10:00,136.6,0.049054727,0,0
327c1aa7-a065-a2e1-4bd7-5c2a1b0ee87a,2026-01-01 16:15:00,139.6,0.049054727,0,0
327c1aa7-a065-a2e1-4bd7-5c2a1b0ee87a,2026-01-01 16:20:00,131.7,0.04830477,0,0
327c1aa7-a065-a2e1-4bd7-5c2a1b0ee87a,2026-01-01 16:25:00,137.6,0.043835793,0,0
327c1aa7-a065-a2e1-4bd7-5c2a1b0ee87a,2026-01-01 16:30:00,137.1,0.05423448,0,0
327c1aa7-a065-a2e1-4bd7-5c2a1b0ee87a,2026-01-01 16:35:00,141.0,0.05423448,0,0
327c1aa7-a065-a2e1-4bd7-5c2a1b0ee87a,2026-01-01 16:40:00,132.7,0.053409778,0,0
327c1aa7-a065-a2e1-4bd7-5c2a1b0ee87a,2026-01-01 16:45:00,134.7,0.05423448,0,0
327c1aa7-a065-a2e1-4bd7-5c2a1b0ee87a,2026-01-01 16:50:00,134.0,0.05423448,0,0
327c1aa7-a065-a2e1-4bd7-5c2a1b0ee87a,2026-01-01 16:55:00,129.7,0.057196457,0,0
327c1aa7-a065-a2e1-4bd7-5c2a1b0ee87a,2026-01-01 17:00:00,132.5,0.5683081,0,0
327c1aa7-a065-a2e1-4bd7-5c2a1b0ee87a,2026-01-01 17:05:00,128.0,0.63306916,0,0
327c1aa7-a065-a2e1-4bd7-5c2a1b0ee87a,2026-01-01 17:10:00,134.5,0.14631955,0,0
327c1aa7-a065-a2e1-4bd7-5c2a1b0ee87a,2026-01-01 17:15:00,133.0,0.57257265,0,0
327c1aa7-a065-a2e1-4bd7-5c2a1b0ee87a,2026-01-01 17:20:00,132.1,0.7593885,1,0
327c1aa7-a065-a2e1-4bd7-5c2a1b0ee87a,2026-01-01 17:25:00,128.5,0.8171293,1,0
327c1aa7-a065-a2e1-4bd7-5c2a1b0ee87a,2026-01-01 17:30:00,134.3,0.7731491,1,0
327c1aa7-a065-a2e1-4bd7-5c2a1b0ee87a,2026-01-01 17:35:00,126.5,0.8173216,1,0
327c1aa7-a065-a2e1-4bd7-5c2a1b0ee87a,2026-01-01 17:40:00,129.6,0.68525934,1,0
327c1aa7-a065-a2e1-4bd7-5c2a1b0ee87a,2026-01-01 17:45:00,125.6,0.7046141,1,0
327c1aa7-a065-a2e1-4bd7-5c2a1b0ee87a,2026-01-01 17:50:00,128.3,0.7462133,1,0
327c1aa7-a065-a2e1-4bd7-5c2a1b0ee87a,2026-01-01 17:55:00,132.4,0.62187713,0,1
327c1aa7-a065-a2e1-4bd7-5c2a1b0ee87a,2026-01-01 18:00:00,129.7,0.84380734,1,1
327c1aa7-a065-a2e1-4bd7-5c2a1b0ee87a,2026-01-01 18:05:00,125.3,0.8515275,1,0
327c1aa7-a065-a2e1-4bd7-5c2a1b0ee87a,2026-01-01 18:10:00,126.3,0.8791738,1,0
327c1aa7-a065-a2e1-4bd7-5c2a1b0ee87a,2026-01-01 18:15:00,126.5,0.8707148,1,1
327c1aa7-a065-a2e1-4bd7-5c2a1b0ee87a,2026-01-01 18:20:00,125.0,0.8228897,1,1
327c1aa7-a065-a2e1-4bd7-5c2a1b0ee87a,2026-01-01 18:25:00,128.1,0.806913,1,0
327c1aa7-a065-a2e1-4bd7-5c2a1b0ee87a,2026-01-01 18:30:00,133.7,0.67387646,1,0
327c1aa7-a065-a2e1-4bd7-5c2a1b0ee87a,2026-01-01 18:35:00,125.3,0.76044685,1,0
327c1aa7-a065-a2e1-4bd7-5c2a1b0ee87a,2026-01-01 18:40:00,132.6,0.7275384,1,0
327c1aa7-a065-a2e1-4bd7-5c2a1b0ee87a,2026-01-01 18:45:00,126.7,0.8174422,1,0
327c1aa7-a065-a2e1-4bd7-5c2a1b0ee87a,2026-01-01 18:50:00,127.5,0.76146704,1,0
327c1aa7-a065-a2e1-4bd7-5c2a1b0ee87a,2026-01-01 18:55:00,127.2,0.7858022,1,0
327c1aa7-a065-a2e1-4bd7-5c2a1b0ee87a,2026-01-01 19:00:00,121.2,0.3400682,0,0
327c1aa7-a065-a2e1-4bd7-5c2a1b0ee87a,2026-01-01 19:05:00,134.9,0.22313258,0,0
327c1aa7-a065-a2e1-4bd7-5c2a1b0ee87a,2026-01-01 19:10:00,132.2,0.2896788,0,0
327c1aa7-a065-a2e1-4bd7-5c2a1b0ee87a,2026-01-01 19:15:00,145.2,0.22711602,0,0
327c1aa7-a065-a2e1-4bd7-5c2a1b0ee87a,2026-01-01 19:20:00,149.1,0.3442224,0,0
327c1aa7-a065-a2e1-4bd7-5c2a1b0ee87a,2026-01-01 19:25:00,147.3,0.51532376,0,0
327c1aa7-a065-a2e1-4bd7-5c2a1b0ee87a,2026-01-01 19:30:00,154.8,0.4938739,0,0
327c1aa7-a065-a2e1-4bd7-5c2a1b0ee87a,2026-01-01 19:35:00,155.8,0.37987968,0,0
327c1aa7-a065-a2e1-4bd7-5c2a1b0ee87a,2026-01-01 19:40:00,157.7,0.43342823,0,0
327c1aa7-a065-a2e1-4bd7-5c2a1b0ee87a,2026-01-01 19:45:00,158.8,0.34757486,0,0
327c1aa7-a065-a2e1-4bd7-5c2a1b0ee87a,2026-01-01 19:50:00,158.2,0.38891593,0,0
327c1aa7-a065-a2e1-4bd7-5c2a1b0ee87a,2026-01-01 19:55:00,160.5,0.31263974,0,0
327c1aa7-a065-a2e1-4bd7-5c2a1b0ee87a,2026-01-01 20:00:00,163.0,0.06571373,0,0
327c1aa7-a065-a2e1-4bd7-5c2a1b0ee87a,2026-01-01 20:05:00,159.5,0.05492163,0,0
327c1aa7-a065-a2e1-4bd7-5c2a1b0ee87a,2026-01-01 20:10:00,159.7,0.03175866,0,0
327c1aa7-a065-a2e1-4bd7-5c2a1b0ee87a,2026-01-01 20:15:00,161.3,0.028293433,0,0
327c1aa7-a065-a2e1-4bd7-5c2a1b0ee87a,2026-01-01 20:20:00,165.5,0.028958237,0,0
327c1aa7-a065-a2e1-4bd7-5c2a1b0ee87a,2026-01-01 20:25:00,157.3,0.0125772655,0,0
327c1aa7-a065-a2e1-4bd7-5c2a1b0ee87a,2026-01-01 20:30:00,151.9,0.012165093,0,0
327c1aa7-a065-a2e1-4bd7-5c2a1b0ee87a,2026-01-01 20:35:00,153.3,0.012165093,0,0
327c1aa7-a065-a2e1-4bd7-5c2a1b0ee87a,2026-01-01 20:40:00,156.8,0.013465127,0,0
327c1aa7-a065-a2e1-4bd7-5c2a1b0ee87a,2026-01-01 20:45:00,158.5,0.020261792,0,0
327c1aa7-a065-a2e1-4bd7-5c2a1b0ee87a,2026-01-01 20:50:00,150.1,0.014717234,0,0
327c1aa7-a065-a2e1-4bd7-5c2a1b0ee87a,2026-01-01 20:55:00,151.7,0.014372713,0,0
327c1aa7-a065-a2e1-4bd7-5c2a1b0ee87a,2026-01-01 21:00:00,150.8,0.017217312,0,0
327c1aa7-a065-a2e1-4bd7-5c2a1b0ee87a,2026-01-01 21:05:00,147.3,0.016927652,0,0
327c1aa7-a065-a2e1-4bd7-5c2a1b0ee87a,2026-01-01 21:10:00,153.2,0.020202,0,0
327c1aa7-a065-a2e1-4bd7-5c2a1b0ee87a,2026-01-01 21:15:00,151.0,0.018779404,0,0
327c1aa7-a065-a2e1-4bd7-5c2a1b0ee87a,2026-01-01 21:20:00,147.5,0.020147055,0,0
327c1aa7-a065-a2e1-4bd7-5c2a1b0ee87a,2026-01-01 21:25:00,144.2,0.016988495,0,0
327c1aa7-a065-a2e1-4bd7-5c2a1b0ee87a,2026-01-01 21:30:00,147.3,0.016638251,0,0
327c1aa7-a065-a2e1-4bd7-5c2a1b0ee87a,2026-01-01 21:35:00,145.0,0.015525351,0,0
327c1aa7-a065-a2e1-4bd7-5c2a1b0ee87a,2026-01-01 21:40:00,141.2,0.021372003,0,0
327c1aa7-a065-a2e1-4bd7-5c2a1b0ee87a,2026-01-01 21:45:00,144.5,0.022534767,0,0
327c1aa7-a065-a2e1-4bd7-5c2a1b0ee87a,2026-01-01 21:50:00,141.8,0.030566242,0,0
327c1aa7-a065-a2e1-4bd7-5c2a1b0ee87a,2026-01-01 21:55:00,134.9,0.028728317,0,0
d7af6e65-bec0-a9a9-a7d6-fa39bdfa460d,2026-01-01 00:25:00,129.7,0.005276807,0,0
d7af6e65-bec0-a9a9-a7d6-fa39bdfa460d,2026-01-01 00:30:00,128.1,0.0064845667,0,0
d7af6e65-bec0-a9a9-a7d6-fa39bdfa460d,2026-01-01 00:35:00,127.8,0.0076117134,0,0
d7af6e65-bec0-a9a9-a7d6-fa39bdfa460d,2026-01-01 00:40:00,129.8,0.0076117134,0,0
d7af6e65-bec0-a9a9-a7d6-fa39bdfa460d,2026-01-01 00:45:00,124.1,0.00728439,0,0
d7af6e65-bec0-a9a9-a7d6-fa39bdfa460d,2026-01-01 00:50:00,124.6,0.007580706,0,0
d7af6e65-bec0-a9a9-a7d6-fa39bdfa460d,2026-01-01 00:55:00,124.2,0.0060485625,0,0
d7af6e65-bec0-a9a9-a7d6-fa39bdfa460d,2026-01-01 01:00:00,126.1,0.004108653,0,0
d7af6e65-bec0-a9a9-a7d6-fa39bdfa460d,2026-01-01 01:05:00,128.5,0.004096702,0,0
d7af6e65-bec0-a9a9-a7d6-fa39bdfa460d,2026-01-01 01:10:00,133.6,0.004625058,0,0
d7af6e65-bec0-a9a9-a7d6-fa39bdfa460d,2026-01-01 01:15:00,126.8,0.0050180135,0,0
d7af6e65-bec0-a9a9-a7d6-fa39bdfa460d,2026-01-01 01:20:00,128.0,0.0048438096,0,0
d7af6e65-bec0-a9a9-a7d6-fa39bdfa460d,2026-01-01 01:25:00,123.2,0.005207295,0,0
d7af6e65-bec0-a9a9-a7d6-fa39bdfa460d,2026-01-01 01:30:00,125.8,0.007505088,0,0
d7af6e65-bec0-a9a9-a7d6-fa39bdfa460d,2026-01-01 01:35:00,121.3,0.0066259643,0,0
d7af6e65-bec0-a9a9-a7d6-fa39bdfa460d,2026-01-01 01:40:00,134.3,0.007504839,0,0
d7af6e65-bec0-a9a9-a7d6-fa39bdfa460d,2026-01-01 01:45:00,121.8,0.006809115,0,0
d7af6e65-bec0-a9a9-a7d6-fa39bdfa460d,2026-01-01 01:50:00,125.9,0.0063780476,0,0
d7af6e65-bec0-a9a9-a7d6-fa39bdfa460d,2026-01-01 01:55:00,127.1,0.0072247186,0,0
d7af6e65-bec0-a9a9-a7d6-fa39bdfa460d,2026-01-01 02:00:00,132.8,0.0043265014,0,0
d7af6e65-bec0-a9a9-a7d6-fa39bdfa460d,2026-01-01 02:05:00,128.2,0.0052044503,0,0
d7af6e65-bec0-a9a9-a7d6-fa39bdfa460d,2026-01-01 02:10:00,123.3,0.004325109,0,0
d7af6e65-bec0-a9a9-a7d6-fa39bdfa460d,2026-01-01 02:15:00,126.6,0.004824884,0,0
d7af6e65-bec0-a9a9-a7d6-fa39bdfa460d,2026-01-01 02:20:00,127.7,0.005035201,0,0
d7af6e65-bec0-a9a9-a7d6-fa39bdfa460d,2026-01-01 02:25:00,125.6,0.004813979,0,0
d7af6e65-bec0-a9a9-a7d6-fa39bdfa460d,2026-01-01 02:30:00,125.3,0.00522043,0,0
d7af6e65-bec0-a9a9-a7d6-fa39bdfa460d,2026-01-01 02:35:00,125.1,0.0055272016,0,0
d7af6e65-bec0-a9a9-a7d6-fa39bdfa460d,2026-01-01 02:40:00,125.1,0.005527479,0,0
d7af6e65-bec0-a9a9-a7d6-fa39bdfa460d,2026-01-01 02:45:00,124.7,0.0058570444,0,0
d7af6e65-bec0-a9a9-a7d6-fa39bdfa460d,2026-01-01 02:50:00,124.8,0.0057774135,0,0
d7af6e65-bec0-a9a9-a7d6-fa39bdfa460d,2026-01-01 02:55:00,126.5,0.0063176234,0,0
d7af6e65-bec0-a9a9-a7d6-fa39bdfa460d,2026-01-01 03:00:00,129.7,0.0044698543,0,0
d7af6e65-bec0-a9a9-a7d6-fa39bdfa460d,2026-01-01 03:05:00,123.6,0.003158992,0,0
d7af6e65-bec0-a9a9-a7d6-fa39bdfa460d,2026-01-01 03:10:00,125.0,0.003833705,0,0
d7af6e65-bec0-a9a9-a7d6-fa39bdfa460d,2026-01-01 03:15:00,127.6,0.004225486,0,0
d7af6e65-bec0-a9a9-a7d6-fa39bdfa460d,2026-01-01 03:20:00,129.0,0.004807571,0,0
d7af6e65-bec0-a9a9-a7d6-fa39bdfa460d,2026-01-01 03:25:00,131.9,0.0050908793,0,0
d7af6e65-bec0-a9a9-a7d6-fa39bdfa460d,2026-01-01 03:30:00,129.6,0.0075478624,0,0
d7af6e65-bec0-a9a9-a7d6-fa39bdfa460d,2026-01-01 03:35:00,127.9,0.008156803,0,0
d7af6e65-bec0-a9a9-a7d6-fa39bdfa460d,2026-01-01 03:40:00,127.4,0.010984373,0,0
d7af6e65-bec0-a9a9-a7d6-fa39bdfa460d,2026-01-01 03:45:00,127.1,0.012185795,0,0
d7af6e65-bec0-a9a9-a7d6-fa39bdfa460d,2026-01-01 03:50:00,123.9,0.008123598,0,0
d7af6e65-bec0-a9a9-a7d6-fa39bdfa460d,2026-01-01 03:55:00,128.6,0.010593584,0,0
d7af6e65-bec0-a9a9-a7d6-fa39bdfa460d,2026-01-01 04:00:00,126.1,0.005437748,0,0
d7af6e65-bec0-a9a9-a7d6-fa39bdfa460d,2026-01-01 04:05:00,127.9,0.005421953,0,0
d7af6e65-bec0-a9a9-a7d6-fa39bdfa460d,2026-01-01 04:10:00,124.6,0.0045633838,0,0
d7af6e65-bec0-a9a9-a7d6-fa39bdfa460d,2026-01-01 04:15:00,127.2,0.0046820138,0,0
d7af6e65-bec0-a9a9-a7d6-fa39bdfa460d,2026-01-01 04:20:00,124.7,0.0049287085,0,0
d7af6e65-bec0-a9a9-a7d6-fa39bdfa460d,2026-01-01 04:25:00,129.0,0.006029703,0,0
d7af6e65-bec0-a9a9-a7d6-fa39bdfa460d,2026-01-01 04:30:00,126.7,0.0073168497,0,0
d7af6e65-bec0-a9a9-a7d6-fa39bdfa460d,2026-01-01 04:35:00,128.0,0.008008917,0,0
d7af6e65-bec0-a9a9-a7d6-fa39bdfa460d,2026-01-01 04:40:00,126.1,0.008276051,0,0
d7af6e65-bec0-a9a9-a7d6-fa39bdfa460d,2026-01-01 04:45:00,129.5,0.009529189,0,0
d7af6e65-bec0-a9a9-a7d6-fa39bdfa460d,2026-01-01 04:50:00,128.5,0.01008423,0,0
d7af6e65-bec0-a9a9-a7d6-fa39bdfa460d,2026-01-01 04:55:00,124.9,0.0085524665,0,0
d7af6e65-bec0-a9a9-a7d6-fa39bdfa460d,2026-01-01 05:00:00,124.7,0.0049678027,0,0
d7af6e65-bec0-a9a9-a7d6-fa39bdfa460d,2026-01-01 05:05:00,130.0,0.004824884,0,0
d7af6e65-bec0-a9a9-a7d6-fa39bdfa460d,2026-01-01 05:10:00,120.6,0.004246883,0,0
d7af6e65-bec0-a9a9-a7d6-fa39bdfa460d,2026-01-01 05:15:00,131.6,0.0046020607,0,0
d7af6e65-bec0-a9a9-a7d6-fa39bdfa460d,2026-01-01 05:20:00,125.2,0.004336881,0,0
d7af6e65-bec0-a9a9-a7d6-fa39bdfa460d,2026-01-01 05:25:00,129.4,0.0059195287,0,0
d7af6e65-bec0-a9a9-a7d6-fa39bdfa460d,2026-01-01 05:30:00,128.6,0.007892597,0,0
d7af6e65-bec0-a9a9-a7d6-fa39bdfa460d,2026-01-01 05:35:00,126.3,0.007885708,0,0
d7af6e65-bec0-a9a9-a7d6-fa39bdfa460d,2026-01-01 05:40:00,128.3,0.008156803,0,0
d7af6e65-bec0-a9a9-a7d6-fa39bdfa460d,2026-01-01 05:45:00,127.6,0.009812907,0,0
d7af6e65-bec0-a9a9-a7d6-fa39bdfa460d,2026-01-01 05:50:00,129.7,0.01008423,0,0
d7af6e65-bec0-a9a9-a7d6-fa39bdfa460d,2026-01-01 05:55:00,125.1,0.008917522,0,0
d7af6e65-bec0-a9a9-a7d6-fa39bdfa460d,2026-01-01 06:00:00,129.4,0.01101979,0,0
d7af6e65-bec0-a9a9-a7d6-fa39bdfa460d,2026-01-01 06:05:00,121.6,0.006965678,0,0
d7af6e65-bec0-a9a9-a7d6-fa39bdfa460d,2026-01-01 06:10:00,129.2,0.00886101,0,0
d7af6e65-bec0-a9a9-a7d6-fa39bdfa460d,2026-01-01 06:15:00,127.4,0.12211766,0,0
d7af6e65-bec0-a9a9-a7d6-fa39bdfa460d,2026-01-01 06:20:00,128.8,0.43232474,0,0
d7af6e65-bec0-a9a9-a7d6-fa39bdfa460d,2026-01-01 06:25:00,129.2,0.5672104,0,0
d7af6e65-bec0-a9a9-a7d6-fa39bdfa460d,2026-01-01 06:30:00,131.8,0.9031487,1,0
d7af6e65-bec0-a9a9-a7d6-fa39bdfa460d,2026-01-01 06:35:00,127.8,0.84333366,1,0
d7af6e65-bec0-a9a9-a7d6-fa39bdfa460d,2026-01-01 06:40:00,124.8,0.7143733,1,1
d7af6e65-bec0-a9a9-a7d6-fa39bdfa460d,2026-01-01 06:45:00,132.8,0.8433435,1,0
d7af6e65-bec0-a9a9-a7d6-fa39bdfa460d,2026-01-01 06:50:00,128.5,0.8100083,1,0
d7af6e65-bec0-a9a9-a7d6-fa39bdfa460d,2026-01-01 06:55:00,130.0,0.9064582,1,1
d7af6e65-bec0-a9a9-a7d6-fa39bdfa460d,2026-01-01 07:00:00,126.3,0.88332623,1,0
d7af6e65-bec0-a9a9-a7d6-fa39bdfa460d,2026-01-01 07:05:00,126.2,0.9127814,1,1
d7af6e65-bec0-a9a9-a7d6-fa39bdfa460d,2026-01-01 07:10:00,127.8,0.90869373,1,1
d7af6e65-bec0-a9a9-a7d6-fa39bdfa460d,2026-01-01 07:15:00,129.1,0.92546916,1,0
d7af6e65-bec0-a9a9-a7d6-fa39bdfa460d,2026-01-01 07:20:00,128.3,0.7985796,1,0
d7af6e65-bec0-a9a9-a7d6-fa39bdfa460d,2026-01-01 07:25:00,124.5,0.6469822,1,1
d7af6e65-bec0-a9a9-a7d6-fa39bdfa460d,2026-01-01 07:30:00,132.1,0.76932186,1,0
d7af6e65-bec0-a9a9-a7d6-fa39bdfa460d,2026-01-01 07:35:00,123.9,0.521704,0,0
d7af6e65-bec0-a9a9-a7d6-fa39bdfa460d,2026-01-01 07:40:00,128.5,0.7582388,1,0
d7af6e65-bec0-a9a9-a7d6-fa39bdfa460d,2026-01-01 07:45:00,127.6,0.6597239,1,0
d7af6e65-bec0-a9a9-a7d6-fa39bdfa460d,2026-01-01 07:50:00,135.1,0.54615015,0,0
d7af6e65-bec0-a9a9-a7d6-fa39bdfa460d,2026-01-01 07:55:00,126.2,0.74047923,1,0
d7af6e65-bec0-a9a9-a7d6-fa39bdfa460d,2026-01-01 08:00:00,123.8,0.35526848,0,0
d7af6e65-bec0-a9a9-a7d6-fa39bdfa460d,2026-01-01 08:05:00,136.3,0.24773791,0,0
d7af6e65-bec0-a9a9-a7d6-fa39bdfa460d,2026-01-01 08:10:00,138.7,0.26199532,0,0
d7af6e65-bec0-a9a9-a7d6-fa39bdfa460d,2026-01-01 08:15:00,148.2,0.3652139,0,0
d7af6e65-bec0-a9a9-a7d6-fa39bdfa460d,2026-01-01 08:20:00,151.6,0.2519758,0,0
d7af6e65-bec0-a9a9-a7d6-fa39bdfa460d,2026-01-01 08:25:00,154.3,0.32582226,0,0
d7af6e65-bec0-a9a9-a7d6-fa39bdfa460d,2026-01-01 08:30:00,152.5,0.18194334,0,0
d7af6e65-bec0-a9a9-a7d6-fa39bdfa460d,2026-01-01 08:35:00,159.4,0.102865174,0,0
d7af6e65-bec0-a9a9-a7d6-fa39bdfa460d,2026-01-01 08:40:00,165.2,0.16128756,0,0
d7af6e65-bec0-a9a9-a7d6-fa39bdfa460d,2026-01-01 08:45:00,158.2,0.039400503,0,0
d7af6e65-bec0-a9a9-a7d6-fa39bdfa460d,2026-01-01 08:50:00,159.5,0.098017335,0,0
d7af6e65-bec0-a9a9-a7d6-fa39bdfa460d,2026-01-01 08:55:00,160.1,0.09120824,0,0
d7af6e65-bec0-a9a9-a7d6-fa39bdfa460d,2026-01-01 09:00:00,159.7,0.041007567,0,0
d7af6e65-bec0-a9a9-a7d6-fa39bdfa460d,2026-01-01 09:05:00,160.9,0.047988746,0,0
d7af6e65-bec0-a9a9-a7d6-fa39bdfa460d,2026-01-01 09:10:00,160.3,0.08284301,0,0
d7af6e65-bec0-a9a9-a7d6-fa39bdfa460d,2026-01-01 09:15:00,159.6,0.04081556,0,0
d7af6e65-bec0-a9a9-a7d6-fa39bdfa460d,2026-01-01 09:20:00,156.5,0.041050185,0,0
d7af6e65-bec0-a9a9-a7d6-fa39bdfa460d,2026-01-01 09:25:00,162.0,0.031013504,0,0
d7af6e65-bec0-a9a9-a7d6-fa39bdfa460d,2026-01-01 09:30:00,158.7,0.05102565,0,0
d7af6e65-bec0-a9a9-a7d6-fa39bdfa460d,2026-01-01 09:35:00,159.7,0.041483957,0,0
d7af6e65-bec0-a9a9-a7d6-fa39bdfa460d,2026-01-01 09:40:00,157.6,0.051235493,0,0
d7af6e65-bec0-a9a9-a7d6-fa39bdfa460d,2026-01-01 09:45:00,146.9,0.045966942,0,0
d7af6e65-bec0-a9a9-a7d6-fa39bdfa460d,2026-01-01 09:50:00,156.6,0.043335333,0,0
d7af6e65-bec0-a9a9-a7d6-fa39bdfa460d,2026-01-01 09:55:00,155.3,0.041244704,0,0
d7af6e65-bec0-a9a9-a7d6-fa39bdfa460d,2026-01-01 10:00:00,152.6,0.03233577,0,0
d7af6e65-bec0-a9a9-a7d6-fa39bdfa460d,2026-01-01 10:05:00,157.4,0.03007963,0,0
d7af6e65-bec0-a9a9-a7d6-fa39bdfa460d,2026-01-01 10:10:00,153.0,0.03007963,0,0
d7af6e65-bec0-a9a9-a7d6-fa39bdfa460d,2026-01-01 10:15:00,151.9,0.030555723,0,0
d7af6e65-bec0-a9a9-a7d6-fa39bdfa460d,2026-01-01 10:20:00,142.8,0.03312521,0,0
d7af6e65-bec0-a9a9-a7d6-fa39bdfa460d,2026-01-01 10:25:00,150.9,0.036216993,0,0
d7af6e65-bec0-a9a9-a7d6-fa39bdfa460d,2026-01-01 10:30:00,148.0,0.04700223,0,0
d7af6e65-bec0-a9a9-a7d6-fa39bdfa460d,2026-01-01 10:35:00,141.0,0.06320374,0,0
d7af6e65-bec0-a9a9-a7d6-fa39bdfa460d,2026-01-01 10:40:00,145.1,0.13016027,0,0
d7af6e65-bec0-a9a9-a7d6-fa39bdfa460d,2026-01-01 10:45:00,138.3,0.15335265,0,0
d7af6e65-bec0-a9a9-a7d6-fa39bdfa460d,2026-01-01 10:50:00,144.5,0.15217572,0,0
d7af6e65-bec0-a9a9-a7d6-fa39bdfa460d,2026-01-01 10:55:00,142.2,0.15427695,0,0
d7af6e65-bec0-a9a9-a7d6-fa39bdfa460d,2026-01-01 11:00:00,139.1,0.78512657,1,0
d7af6e65-bec0-a9a9-a7d6-fa39bdfa460d,2026-01-01 11:05:00,142.3,0.8563509,1,0
d7af6e65-bec0-a9a9-a7d6-fa39bdfa460d,2026-01-01 11:10:00,137.2,0.78512657,1,0
d7af6e65-bec0-a9a9-a7d6-fa39bdfa460d,2026-01-01 11:15:00,139.2,0.78512657,1,0
d7af6e65-bec0-a9a9-a7d6-fa39bdfa460d,2026-01-01 11:20:00,141.5,0.79247886,1,0
d7af6e65-bec0-a9a9-a7d6-fa39bdfa460d,2026-01-01 11:25:00,136.6,0.90341973,1,0
d7af6e65-bec0-a9a9-a7d6-fa39bdfa460d,2026-01-01 11:30:00,134.2,0.887987,1,1
d7af6e65-bec0-a9a9-a7d6-fa39bdfa460d,2026-01-01 11:35:00,139.7,0.8787962,1,0
d7af6e65-bec0-a9a9-a7d6-fa39bdfa460d,2026-01-01 11:40:00,136.3,0.8896553,1,1
d7af6e65-bec0-a9a9-a7d6-fa39bdfa460d,2026-01-01 11:45:00,141.5,0.8815615,1,1
d7af6e65-bec0-a9a9-a7d6-fa39bdfa460d,2026-01-01 11:50:00,136.5,0.8787962,1,1
d7af6e65-bec0-a9a9-a7d6-fa39bdfa460d,2026-01-01 11:55:00,136.8,0.8787962,1,1
d7af6e65-bec0-a9a9-a7d6-fa39bdfa460d,2026-01-01 12:00:00,135.2,0.90490866,1,1
d7af6e65-bec0-a9a9-a7d6-fa39bdfa460d,2026-01-01 12:05:00,135.4,0.8817297,1,1
d7af6e65-bec0-a9a9-a7d6-fa39bdfa460d,2026-01-01 12:10:00,135.1,0.93966645,1,1
d7af6e65-bec0-a9a9-a7d6-fa39bdfa460d,2026-01-01 12:15:00,135.0,0.9202186,1,1
d7af6e65-bec0-a9a9-a7d6-fa39bdfa460d,2026-01-01 12:20:00,129.3,0.8999201,1,1
d7af6e65-bec0-a9a9-a7d6-fa39bdfa460d,2026-01-01 12:25:00,129.7,0.92943776,1,1
d7af6e65-bec0-a9a9-a7d6-fa39bdfa460d,2026-01-01 12:30:00,134.0,0.92491245,1,1
d7af6e65-bec0-a9a9-a7d6-fa39bdfa460d,2026-01-01 12:35:00,132.0,0.91611344,1,1
d7af6e65-bec0-a9a9-a7d6-fa39bdfa460d,2026-01-01 12:40:00,129.2,0.9135251,1,0
d7af6e65-bec0-a9a9-a7d6-fa39bdfa460d,2026-01-01 12:45:00,132.1,0.9083344,1,0
d7af6e65-bec0-a9a9-a7d6-fa39bdfa460d,2026-01-01 12:50:00,135.8,0.90551025,1,1
d7af6e65-bec0-a9a9-a7d6-fa39bdfa460d,2026-01-01 12:55:00,131.3,0.91333705,1,0
d7af6e65-bec0-a9a9-a7d6-fa39bdfa460d,2026-01-01 13:00:00,131.8,0.8016469,1,0
d7af6e65-bec0-a9a9-a7d6-fa39bdfa460d,2026-01-01 13:05:00,139.7,0.78345436,1,0
d7af6e65-bec0-a9a9-a7d6-fa39bdfa460d,2026-01-01 13:10:00,143.1,0.7187783,1,0
d7af6e65-bec0-a9a9-a7d6-fa39bdfa460d,2026-01-01 13:15:00,150.3,0.56865495,0,0
d7af6e65-bec0-a9a9-a7d6-fa39bdfa460d,2026-01-01 13:20:00,148.6,0.5268131,0,0
d7af6e65-bec0-a9a9-a7d6-fa39bdfa460d,2026-01-01 13:25:00,155.7,0.50962913,0,0
d7af6e65-bec0-a9a9-a7d6-fa39bdfa460d,2026-01-01 13:30:00,161.1,0.38431352,0,0
d7af6e65-bec0-a9a9-a7d6-fa39bdfa460d,2026-01-01 13:35:00,160.0,0.22361316,0,0
d7af6e65-bec0-a9a9-a7d6-fa39bdfa460d,2026-01-01 13:40:00,165.1,0.22428536,0,0
d7af6e65-bec0-a9a9-a7d6-fa39bdfa460d,2026-01-01 13:45:00,165.5,0.19990484,0,0
d7af6e65-bec0-a9a9-a7d6-fa39bdfa460d,2026-01-01 13:50:00,171.0,0.27633598,0,0
d7af6e65-bec0-a9a9-a7d6-fa39bdfa460d,2026-01-01 13:55:00,173.5,0.24719733,0,0
d7af6e65-bec0-a9a9-a7d6-fa39bdfa460d,2026-01-01 14:00:00,167.3,0.020598138,0,0
d7af6e65-bec0-a9a9-a7d6-fa39bdfa460d,2026-01-01 14:05:00,168.4,0.022263417,0,0
d7af6e65-bec0-a9a9-a7d6-fa39bdfa460d,2026-01-01 14:10:00,170.4,0.015487506,0,0
d7af6e65-bec0-a9a9-a7d6-fa39bdfa460d,2026-01-01 14:15:00,166.2,0.013579436,0,0
d7af6e65-bec0-a9a9-a7d6-fa39bdfa460d,2026-01-01 14:20:00,166.7,0.01956461,0,0
d7af6e65-bec0-a9a9-a7d6-fa39bdfa460d,2026-01-01 14:25:00,160.3,0.011306748,0,0
d7af6e65-bec0-a9a9-a7d6-fa39bdfa460d,2026-01-01 14:30:00,165.1,0.01135878,0,0
d7af6e65-bec0-a9a9-a7d6-fa39bdfa460d,2026-01-01 14:35:00,166.3,0.011558547,0,0
d7af6e65-bec0-a9a9-a7d6-fa39bdfa460d,2026-01-01 14:40:00,158.0,0.010888463,0,0
d7af6e65-bec0-a9a9-a7d6-fa39bdfa460d,2026-01-01 14:45:00,155.2,0.010986834,0,0
d7af6e65-bec0-a9a9-a7d6-fa39bdfa460d,2026-01-01 14:50:00,162.8,0.010888463,0,0
d7af6e65-bec0-a9a9-a7d6-fa39bdfa460d,2026-01-01 14:55:00,156.8,0.010888463,0,0
d7af6e65-bec0-a9a9-a7d6-fa39bdfa460d,2026-01-01 15:00:00,154.2,0.01181552,0,0
d7af6e65-bec0-a9a9-a7d6-fa39bdfa460d,2026-01-01 15:05:00,155.6,0.0120061,0,0
d7af6e65-bec0-a9a9-a7d6-fa39bdfa460d,2026-01-01 15:10:00,152.4,0.013049863,0,0
d7af6e65-bec0-a9a9-a7d6-fa39bdfa460d,2026-01-01 15:15:00,149.8,0.0131407045,0,0
d7af6e65-bec0-a9a9-a7d6-fa39bdfa460d,2026-01-01 15:20:00,147.1,0.012732133,0,0
d7af6e65-bec0-a9a9-a7d6-fa39bdfa460d,2026-01-01 15:25:00,155.9,0.011325719,0,0
d7af6e65-bec0-a9a9-a7d6-fa39bdfa460d,2026-01-01 15:30:00,154.4,0.01265412,0,0
d7af6e65-bec0-a9a9-a7d6-fa39bdfa460d,2026-01-01 15:35:00,147.6,0.024098437,0,0
d7af6e65-bec0-a9a9-a7d6-fa39bdfa460d,2026-01-01 15:40:00,155.1,0.013124228,0,0
d7af6e65-bec0-a9a9-a7d6-fa39bdfa460d,2026-01-01 15:45:00,150.2,0.013215581,0,0
d7af6e65-bec0-a9a9-a7d6-fa39bdfa460d,2026-01-01 15:50:00,145.1,0.013823444,0,0
d7af6e65-bec0-a9a9-a7d6-fa39bdfa460d,2026-01-01 15:55:00,151.1,0.013215581,0,0
d7af6e65-bec0-a9a9-a7d6-fa39bdfa460d,2026-01-01 16:00:00,137.3,0.018176833,0,0
d7af6e65-bec0-a9a9-a7d6-fa39bdfa460d,2026-01-01 16:05:00,141.9,0.03712342,0,0
d7af6e65-bec0-a9a9-a7d6-fa39bdfa460d,2026-01-01 16:10:00,147.0,0.040698044,0,0
d7af6e65-bec0-a9a9-a7d6-fa39bdfa460d,2026-01-01 16:15:00,139.9,0.04369446,0,0
d7af6e65-bec0-a9a9-a7d6-fa39bdfa460d,2026-01-01 16:20:00,143.7,0.04369446,0,0
d7af6e65-bec0-a9a9-a7d6-fa39bdfa460d,2026-01-01 16:25:00,136.5,0.039364837,0,0
d7af6e65-bec0-a9a9-a7d6-fa39bdfa460d,2026-01-01 16:30:00,136.8,0.31203064,0,0
d7af6e65-bec0-a9a9-a7d6-fa39bdfa460d,2026-01-01 16:35:00,139.3,0.07070196,0,0
d7af6e65-bec0-a9a9-a7d6-fa39bdfa460d,2026-01-01 16:40:00,139.5,0.050325893,0,0
d7af6e65-bec0-a9a9-a7d6-fa39bdfa460d,2026-01-01 16:45:00,137.5,0.049087368,0,0
d7af6e65-bec0-a9a9-a7d6-fa39bdfa460d,2026-01-01 16:50:00,135.1,0.06370181,0,0
d7af6e65-bec0-a9a9-a7d6-fa39bdfa460d,2026-01-01 16:55:00,133.0,0.050325893,0,0
d7af6e65-bec0-a9a9-a7d6-fa39bdfa460d,2026-01-01 17:00:00,142.4,0.57018536,0,0
d7af6e65-bec0-a9a9-a7d6-fa39bdfa460d,2026-01-01 17:05:00,135.9,0.6377662,0,0
d7af6e65-bec0-a9a9-a7d6-fa39bdfa460d,2026-01-01 17:10:00,137.7,0.6225687,0,0
d7af6e65-bec0-a9a9-a7d6-fa39bdfa460d,2026-01-01 17:15:00,136.9,0.81741524,1,0
d7af6e65-bec0-a9a9-a7d6-fa39bdfa460d,2026-01-01 17:20:00,132.1,0.9064772,1,0
d7af6e65-bec0-a9a9-a7d6-fa39bdfa460d,2026-01-01 17:25:00,133.3,0.9064772,1,0
d7af6e65-bec0-a9a9-a7d6-fa39bdfa460d,2026-01-01 17:30:00,130.5,0.8968611,1,0
d7af6e65-bec0-a9a9-a7d6-fa39bdfa460d,2026-01-01 17:35:00,134.8,0.9039965,1,0
d7af6e65-bec0-a9a9-a7d6-fa39bdfa460d,2026-01-01 17:40:00,131.7,0.9015211,1,1
d7af6e65-bec0-a9a9-a7d6-fa39bdfa460d,2026-01-01 17:45:00,136.7,0.9070128,1,0
d7af6e65-bec0-a9a9-a7d6-fa39bdfa460d,2026-01-01 17:50:00,126.8,0.8123716,1,1
d7af6e65-bec0-a9a9-a7d6-fa39bdfa460d,2026-01-01 17:55:00,132.8,0.7725376,1,1
d7af6e65-bec0-a9a9-a7d6-fa39bdfa460d,2026-01-01 18:00:00,138.7,0.91208726,1,1
d7af6e65-bec0-a9a9-a7d6-fa39bdfa460d,2026-01-01 18:05:00,128.6,0.8417061,1,1
d7af6e65-bec0-a9a9-a7d6-fa39bdfa460d,2026-01-01 18:10:00,131.1,0.7913062,1,0
d7af6e65-bec0-a9a9-a7d6-fa39bdfa460d,2026-01-01 18:15:00,129.4,0.7631734,1,1
d7af6e65-bec0-a9a9-a7d6-fa39bdfa460d,2026-01-01 18:20:00,132.9,0.8640575,1,0
d7af6e65-bec0-a9a9-a7d6-fa39bdfa460d,2026-01-01 18:25:00,124.0,0.6931416,1,1
d7af6e65-bec0-a9a9-a7d6-fa39bdfa460d,2026-01-01 18:30:00,126.3,0.76991063,1,1
d7af6e65-bec0-a9a9-a7d6-fa39bdfa460d,2026-01-01 18:35:00,126.8,0.7731708,1,1
d7af6e65-bec0-a9a9-a7d6-fa39bdfa460d,2026-01-01 18:40:00,132.2,0.7081188,1,0
d7af6e65-bec0-a9a9-a7d6-fa39bdfa460d,2026-01-01 18:45:00,128.9,0.6645448,1,0
d7af6e65-bec0-a9a9-a7d6-fa39bdfa460d,2026-01-01 18:50:00,127.4,0.69234574,1,0
d7af6e65-bec0-a9a9-a7d6-fa39bdfa460d,2026-01-01 18:55:00,130.4,0.6446095,1,0
d7af6e65-bec0-a9a9-a7d6-fa39bdfa460d,2026-01-01 19:00:00,129.8,0.31750804,0,0
d7af6e65-bec0-a9a9-a7d6-fa39bdfa460d,2026-01-01 19:05:00,135.7,0.35147226,0,0
d7af6e65-bec0-a9a9-a7d6-fa39bdfa460d,2026-01-01 19:10:00,140.8,0.217251,0,0
d7af6e65-bec0-a9a9-a7d6-fa39bdfa460d,2026-01-01 19:15:00,144.6,0.2631548,0,0
d7af6e65-bec0-a9a9-a7d6-fa39bdfa460d,2026-01-01 19:20:00,155.7,0.38147494,0,0
d7af6e65-bec0-a9a9-a7d6-fa39bdfa460d,2026-01-01 19:25:00,159.2,0.40519425,0,0
d7af6e65-bec0-a9a9-a7d6-fa39bdfa460d,2026-01-01 19:30:00,153.4,0.23939313,0,0
d7af6e65-bec0-a9a9-a7d6-fa39bdfa460d,2026-01-01 19:35:00,158.2,0.13645397,0,0
d7af6e65-bec0-a9a9-a7d6-fa39bdfa460d,2026-01-01 19:40:00,162.3,0.10578631,0,0
d7af6e65-bec0-a9a9-a7d6-fa39bdfa460d,2026-01-01 19:45:00,159.3,0.14558403,0,0
d7af6e65-bec0-a9a9-a7d6-fa39bdfa460d,2026-01-01 19:50:00,164.9,0.17553411,0,0
d7af6e65-bec0-a9a9-a7d6-fa39bdfa460d,2026-01-01 19:55:00,163.7,0.11455608,0,0
d7af6e65-bec0-a9a9-a7d6-fa39bdfa460d,2026-01-01 20:00:00,165.6,0.048903216,0,0
d7af6e65-bec0-a9a9-a7d6-fa39bdfa460d,2026-01-01 20:05:00,169.9,0.020486038,0,0
d7af6e65-bec0-a9a9-a7d6-fa39bdfa460d,2026-01-01 20:10:00,157.6,0.012176255,0,0
d7af6e65-bec0-a9a9-a7d6-fa39bdfa460d,2026-01-01 20:15:00,166.5,0.013683666,0,0
d7af6e65-bec0-a9a9-a7d6-fa39bdfa460d,2026-01-01 20:20:00,159.8,0.0070656077,0,0
d7af6e65-bec0-a9a9-a7d6-fa39bdfa460d,2026-01-01 20:25:00,162.7,0.00961016,0,0
d7af6e65-bec0-a9a9-a7d6-fa39bdfa460d,2026-01-01 20:30:00,161.4,0.005311827,0,0
d7af6e65-bec0-a9a9-a7d6-fa39bdfa460d,2026-01-01 20:35:00,163.0,0.0073204706,0,0
d7af6e65-bec0-a9a9-a7d6-fa39bdfa460d,2026-01-01 20:40:00,158.1,0.005764478,0,0
d7af6e65-bec0-a9a9-a7d6-fa39bdfa460d,2026-01-01 20:45:00,154.4,0.005764478,0,0
d7af6e65-bec0-a9a9-a7d6-fa39bdfa460d,2026-01-01 20:50:00,156.5,0.005672398,0,0
d7af6e65-bec0-a9a9-a7d6-fa39bdfa460d,2026-01-01 20:55:00,159.8,0.005764478,0,0
d7af6e65-bec0-a9a9-a7d6-fa39bdfa460d,2026-01-01 21:00:00,154.7,0.008303334,0,0
d7af6e65-bec0-a9a9-a7d6-fa39bdfa460d,2026-01-01 21:05:00,150.8,0.008690676,0,0
d7af6e65-bec0-a9a9-a7d6-fa39bdfa460d,2026-01-01 21:10:00,151.0,0.008398928,0,0
d7af6e65-bec0-a9a9-a7d6-fa39bdfa460d,2026-01-01 21:15:00,151.2,0.008190915,0,0
d7af6e65-bec0-a9a9-a7d6-fa39bdfa460d,2026-01-01 21:20:00,149.7,0.008126954,0,0
d7af6e65-bec0-a9a9-a7d6-fa39bdfa460d,2026-01-01 21:25:00,148.3,0.008256329,0,0
d7af6e65-bec0-a9a9-a7d6-fa39bdfa460d,2026-01-01 21:30:00,150.3,0.010325453,0,0
d7af6e65-bec0-a9a9-a7d6-fa39bdfa460d,2026-01-01 21:35:00,152.4,0.011412543,0,0
d7af6e65-bec0-a9a9-a7d6-fa39bdfa460d,2026-01-01 21:40:00,148.3,0.011295446,0,0
d7af6e65-bec0-a9a9-a7d6-fa39bdfa460d,2026-01-01 21:45:00,146.4,0.010614091,0,0
d7af6e65-bec0-a9a9-a7d6-fa39bdfa460d,2026-01-01 21:50:00,146.7,0.010121479,0,0
d7af6e65-bec0-a9a9-a7d6-fa39bdfa460d,2026-01-01 21:55:00,144.7,0.010574101,0,0
db55a107-0cb4-0276-8ade-7d4a0a0dd424,2026-01-01 00:25:00,134.1,0.0076927096,0,0
db55a107-0cb4-0276-8ade-7d4a0a0dd424,2026-01-01 00:30:00,131.8,0.010161751,0,0
db55a107-0cb4-0276-8ade-7d4a0a0dd424,2026-01-01 00:35:00,135.9,0.010759928,0,0
db55a107-0cb4-0276-8ade-7d4a0a0dd424,2026-01-01 00:40:00,134.1,0.012088541,0,0
db55a107-0cb4-0276-8ade-7d4a0a0dd424,2026-01-01 00:45:00,135.1,0.013155263,0,0
db55a107-0cb4-0276-8ade-7d4a0a0dd424,2026-01-01 00:50:00,132.8,0.013305653,0,0
db55a107-0cb4-0276-8ade-7d4a0a0dd424,2026-01-01 00:55:00,131.5,0.013305653,0,0
db55a107-0cb4-0276-8ade-7d4a0a0dd424,2026-01-01 01:00:00,135.7,0.006999628,0,0
db55a107-0cb4-0276-8ade-7d4a0a0dd424,2026-01-01 01:05:00,135.0,0.006999628,0,0
db55a107-0cb4-0276-8ade-7d4a0a0dd424,2026-01-01 01:10:00,130.4,0.0072011854,0,0
db55a107-0cb4-0276-8ade-7d4a0a0dd424,2026-01-01 01:15:00,134.0,0.0068538287,0,0
db55a107-0cb4-0276-8ade-7d4a0a0dd424,2026-01-01 01:20:00,132.7,0.0072062737,0,0
db55a107-0cb4-0276-8ade-7d4a0a0dd424,2026-01-01 01:25:00,131.4,0.008337604,0,0
db55a107-0cb4-0276-8ade-7d4a0a0dd424,2026-01-01 01:30:00,133.5,0.011117211,0,0
db55a107-0cb4-0276-8ade-7d4a0a0dd424,2026-01-01 01:35:00,132.3,0.012014553,0,0
db55a107-0cb4-0276-8ade-7d4a0a0dd424,2026-01-01 01:40:00,133.1,0.012014553,0,0
db55a107-0cb4-0276-8ade-7d4a0a0dd424,2026-01-01 01:45:00,138.3,0.012376981,0,0
db55a107-0cb4-0276-8ade-7d4a0a0dd424,2026-01-01 01:50:00,135.2,0.012026775,0,0
db55a107-0cb4-0276-8ade-7d4a0a0dd424,2026-01-01 01:55:00,136.8,0.0121587,0,0
db55a107-0cb4-0276-8ade-7d4a0a0dd424,2026-01-01 02:00:00,132.1,0.0072540534,0,0
db55a107-0cb4-0276-8ade-7d4a0a0dd424,2026-01-01 02:05:00,131.9,0.0072540534,0,0
db55a107-0cb4-0276-8ade-7d4a0a0dd424,2026-01-01 02:10:00,135.4,0.0058136643,0,0
db55a107-0cb4-0276-8ade-7d4a0a0dd424,2026-01-01 02:15:00,127.5,0.0067200605,0,0
db55a107-0cb4-0276-8ade-7d4a0a0dd424,2026-01-01 02:20:00,130.9,0.006360897,0,0
db55a107-0cb4-0276-8ade-7d4a0a0dd424,2026-01-01 02:25:00,135.3,0.00700551,0,0
db55a107-0cb4-0276-8ade-7d4a0a0dd424,2026-01-01 02:30:00,134.7,0.010046538,0,0
db55a107-0cb4-0276-8ade-7d4a0a0dd424,2026-01-01 02:35:00,132.4,0.01098283,0,0
db55a107-0cb4-0276-8ade-7d4a0a0dd424,2026-01-01 02:40:00,134.2,0.010454992,0,0
db55a107-0cb4-0276-8ade-7d4a0a0dd424,2026-01-01 02:45:00,132.0,0.013305653,0,0
db55a107-0cb4-0276-8ade-7d4a0a0dd424,2026-01-01 02:50:00,137.3,0.013257709,0,0
db55a107-0cb4-0276-8ade-7d4a0a0dd424,2026-01-01 02:55:00,136.9,0.0121587,0,0
db55a107-0cb4-0276-8ade-7d4a0a0dd424,2026-01-01 03:00:00,130.3,0.0067200605,0,0
db55a107-0cb4-0276-8ade-7d4a0a0dd424,2026-01-01 03:05:00,130.4,0.0067200605,0,0
db55a107-0cb4-0276-8ade-7d4a0a0dd424,2026-01-01 03:10:00,139.3,0.006731487,0,0
db55a107-0cb4-0276-8ade-7d4a0a0dd424,2026-01-01 03:15:00,132.9,0.0069803754,0,0
db55a107-0cb4-0276-8ade-7d4a0a0dd424,2026-01-01 03:20:00,136.7,0.006842971,0,0
db55a107-0cb4-0276-8ade-7d4a0a0dd424,2026-01-01 03:25:00,131.6,0.0077811475,0,0
db55a107-0cb4-0276-8ade-7d4a0a0dd424,2026-01-01 03:30:00,132.2,0.01074077,0,0
db55a107-0cb4-0276-8ade-7d4a0a0dd424,2026-01-01 03:35:00,132.7,0.011608086,0,0
db55a107-0cb4-0276-8ade-7d4a0a0dd424,2026-01-01 03:40:00,135.2,0.01229412,0,0
db55a107-0cb4-0276-8ade-7d4a0a0dd424,2026-01-01 03:45:00,134.5,0.012405223,0,0
db55a107-0cb4-0276-8ade-7d4a0a0dd424,2026-01-01 03:50:00,129.2,0.012329322,0,0
db55a107-0cb4-0276-8ade-7d4a0a0dd424,2026-01-01 03:55:00,131.4,0.012329322,0,0
db55a107-0cb4-0276-8ade-7d4a0a0dd424,2026-01-01 04:00:00,131.9,0.006811669,0,0
db55a107-0cb4-0276-8ade-7d4a0a0dd424,2026-01-01 04:05:00,133.6,0.006602723,0,0
db55a107-0cb4-0276-8ade-7d4a0a0dd424,2026-01-01 04:10:00,135.2,0.006284051,0,0
db55a107-0cb4-0276-8ade-7d4a0a0dd424,2026-01-01 04:15:00,133.5,0.006811669,0,0
db55a107-0cb4-0276-8ade-7d4a0a0dd424,2026-01-01 04:20:00,129.5,0.006816484,0,0
db55a107-0cb4-0276-8ade-7d4a0a0dd424,2026-01-01 04:25:00,134.8,0.010030105,0,0
db55a107-0cb4-0276-8ade-7d4a0a0dd424,2026-01-01 04:30:00,132.5,0.011506424,0,0
db55a107-0cb4-0276-8ade-7d4a0a0dd424,2026-01-01 04:35:00,137.5,0.0118110385,0,0
db55a107-0cb4-0276-8ade-7d4a0a0dd424,2026-01-01 04:40:00,133.2,0.011608086,0,0
db55a107-0cb4-0276-8ade-7d4a0a0dd424,2026-01-01 04:45:00,132.1,0.012164422,0,0
db55a107-0cb4-0276-8ade-7d4a0a0dd424,2026-01-01 04:50:00,132.1,0.013030225,0,0
db55a107-0cb4-0276-8ade-7d4a0a0dd424,2026-01-01 04:55:00,135.6,0.012026775,0,0
db55a107-0cb4-0276-8ade-7d4a0a0dd424,2026-01-01 05:00:00,130.2,0.0067200605,0,0
db55a107-0cb4-0276-8ade-7d4a0a0dd424,2026-01-01 05:05:00,131.1,0.0069565778,0,0
db55a107-0cb4-0276-8ade-7d4a0a0dd424,2026-01-01 05:10:00,132.9,0.0069565778,0,0
db55a107-0cb4-0276-8ade-7d4a0a0dd424,2026-01-01 05:15:00,135.5,0.006475302,0,0
db55a107-0cb4-0276-8ade-7d4a0a0dd424,2026-01-01 05:20:00,133.8,0.006985308,0,0
db55a107-0cb4-0276-8ade-7d4a0a0dd424,2026-01-01 05:25:00,133.7,0.007887103,0,0
db55a107-0cb4-0276-8ade-7d4a0a0dd424,2026-01-01 05:30:00,135.5,0.011185734,0,0
db55a107-0cb4-0276-8ade-7d4a0a0dd424,2026-01-01 05:35:00,130.8,0.012697793,0,0
db55a107-0cb4-0276-8ade-7d4a0a0dd424,2026-01-01 05:40:00,135.8,0.012182782,0,0
db55a107-0cb4-0276-8ade-7d4a0a0dd424,2026-01-01 05:45:00,136.2,0.012766307,0,0
db55a107-0cb4-0276-8ade-7d4a0a0dd424,2026-01-01 05:50:00,138.2,0.010246808,0,0
db55a107-0cb4-0276-8ade-7d4a0a0dd424,2026-01-01 05:55:00,142.6,0.0101352995,0,0
db55a107-0cb4-0276-8ade-7d4a0a0dd424,2026-01-01 06:00:00,135.4,0.01036753,0,0
db55a107-0cb4-0276-8ade-7d4a0a0dd424,2026-01-01 06:05:00,136.6,0.01036753,0,0
db55a107-0cb4-0276-8ade-7d4a0a0dd424,2026-01-01 06:10:00,131.9,0.010891,0,0
db55a107-0cb4-0276-8ade-7d4a0a0dd424,2026-01-01 06:15:00,135.6,0.16853487,0,0
db55a107-0cb4-0276-8ade-7d4a0a0dd424,2026-01-01 06:20:00,139.3,0.37221837,0,0
db55a107-0cb4-0276-8ade-7d4a0a0dd424,2026-01-01 06:25:00,129.4,0.5123864,0,1
db55a107-0cb4-0276-8ade-7d4a0a0dd424,2026-01-01 06:30:00,137.3,0.7281813,1,0
db55a107-0cb4-0276-8ade-7d4a0a0dd424,2026-01-01 06:35:00,135.4,0.8445689,1,1
db55a107-0cb4-0276-8ade-7d4a0a0dd424,2026-01-01 06:40:00,136.2,0.8179231,1,1
db55a107-0cb4-0276-8ade-7d4a0a0dd424,2026-01-01 06:45:00,135.2,0.73117924,1,1
db55a107-0cb4-0276-8ade-7d4a0a0dd424,2026-01-01 06:50:00,129.6,0.8491787,1,1
db55a107-0cb4-0276-8ade-7d4a0a0dd424,2026-01-01 06:55:00,128.2,0.84157866,1,1
db55a107-0cb4-0276-8ade-7d4a0a0dd424,2026-01-01 07:00:00,134.0,0.88198483,1,1
db55a107-0cb4-0276-8ade-7d4a0a0dd424,2026-01-01 07:05:00,129.7,0.87761974,1,1
db55a107-0cb4-0276-8ade-7d4a0a0dd424,2026-01-01 07:10:00,138.8,0.83655536,1,1
db55a107-0cb4-0276-8ade-7d4a0a0dd424,2026-01-01 07:15:00,130.8,0.8469077,1,1
db55a107-0cb4-0276-8ade-7d4a0a0dd424,2026-01-01 07:20:00,136.9,0.836683,1,1
db55a107-0cb4-0276-8ade-7d4a0a0dd424,2026-01-01 07:25:00,134.7,0.9200501,1,1
db55a107-0cb4-0276-8ade-7d4a0a0dd424,2026-01-01 07:30:00,135.9,0.8984183,1,1
db55a107-0cb4-0276-8ade-7d4a0a0dd424,2026-01-01 07:35:00,131.0,0.87972546,1,1
db55a107-0cb4-0276-8ade-7d4a0a0dd424,2026-01-01 07:40:00,139.5,0.8558853,1,1
db55a107-0cb4-0276-8ade-7d4a0a0dd424,2026-01-01 07:45:00,133.7,0.8591132,1,0
db55a107-0cb4-0276-8ade-7d4a0a0dd424,2026-01-01 07:50:00,140.1,0.82318336,1,1
db55a107-0cb4-0276-8ade-7d4a0a0dd424,2026-01-01 07:55:00,135.3,0.8036443,1,0
db55a107-0cb4-0276-8ade-7d4a0a0dd424,2026-01-01 08:00:00,131.5,0.32876074,0,0
db55a107-0cb4-0276-8ade-7d4a0a0dd424,2026-01-01 08:05:00,142.5,0.2124776,0,0
db55a107-0cb4-0276-8ade-7d4a0a0dd424,2026-01-01 08:10:00,149.1,0.16004443,0,0
db55a107-0cb4-0276-8ade-7d4a0a0dd424,2026-01-01 08:15:00,150.2,0.17618327,0,0
db55a107-0cb4-0276-8ade-7d4a0a0dd424,2026-01-01 08:20:00,156.7,0.10257786,0,0
db55a107-0cb4-0276-8ade-7d4a0a0dd424,2026-01-01 08:25:00,161.2,0.09505585,0,0
db55a107-0cb4-0276-8ade-7d4a0a0dd424,2026-01-01 08:30:00,158.1,0.03366022,0,0
db55a107-0cb4-0276-8ade-7d4a0a0dd424,2026-01-01 08:35:00,161.1,0.035894256,0,0
db55a107-0cb4-0276-8ade-7d4a0a0dd424,2026-01-01 08:40:00,161.1,0.028454436,0,0
db55a107-0cb4-0276-8ade-7d4a0a0dd424,2026-01-01 08:45:00,171.0,0.0885664,0,0
db55a107-0cb4-0276-8ade-7d4a0a0dd424,2026-01-01 08:50:00,165.1,0.03414156,0,0
db55a107-0cb4-0276-8ade-7d4a0a0dd424,2026-01-01 08:55:00,172.4,0.09882889,0,0
db55a107-0cb4-0276-8ade-7d4a0a0dd424,2026-01-01 09:00:00,166.9,0.012702832,0,0
db55a107-0cb4-0276-8ade-7d4a0a0dd424,2026-01-01 09:05:00,160.2,0.014316808,0,0
db55a107-0cb4-0276-8ade-7d4a0a0dd424,2026-01-01 09:10:00,168.6,0.012496553,0,0
db55a107-0cb4-0276-8ade-7d4a0a0dd424,2026-01-01 09:15:00,167.5,0.01131711,0,0
db55a107-0cb4-0276-8ade-7d4a0a0dd424,2026-01-01 09:20:00,164.5,0.0120633235,0,0
db55a107-0cb4-0276-8ade-7d4a0a0dd424,2026-01-01 09:25:00,164.4,0.025708558,0,0
db55a107-0cb4-0276-8ade-7d4a0a0dd424,2026-01-01 09:30:00,167.8,0.016311612,0,0
db55a107-0cb4-0276-8ade-7d4a0a0dd424,2026-01-01 09:35:00,163.0,0.016381152,0,0
db55a107-0cb4-0276-8ade-7d4a0a0dd424,2026-01-01 09:40:00,161.1,0.011883861,0,0
db55a107-0cb4-0276-8ade-7d4a0a0dd424,2026-01-01 09:45:00,154.7,0.012447543,0,0
db55a107-0cb4-0276-8ade-7d4a0a0dd424,2026-01-01 09:50:00,162.6,0.0109576285,0,0
db55a107-0cb4-0276-8ade-7d4a0a0dd424,2026-01-01 09:55:00,159.6,0.01522238,0,0
db55a107-0cb4-0276-8ade-7d4a0a0dd424,2026-01-01 10:00:00,158.7,0.0130919805,0,0
db55a107-0cb4-0276-8ade-7d4a0a0dd424,2026-01-01 10:05:00,159.0,0.0123208705,0,0
db55a107-0cb4-0276-8ade-7d4a0a0dd424,2026-01-01 10:10:00,157.4,0.0123208705,0,0
db55a107-0cb4-0276-8ade-7d4a0a0dd424,2026-01-01 10:15:00,151.2,0.012964668,0,0
db55a107-0cb4-0276-8ade-7d4a0a0dd424,2026-01-01 10:20:00,152.6,0.013497406,0,0
db55a107-0cb4-0276-8ade-7d4a0a0dd424,2026-01-01 10:25:00,154.0,0.014966567,0,0
db55a107-0cb4-0276-8ade-7d4a0a0dd424,2026-01-01 10:30:00,152.4,0.01700383,0,0
db55a107-0cb4-0276-8ade-7d4a0a0dd424,2026-01-01 10:35:00,145.7,0.019993559,0,0
db55a107-0cb4-0276-8ade-7d4a0a0dd424,2026-01-01 10:40:00,148.4,0.02031335,0,0
db55a107-0cb4-0276-8ade-7d4a0a0dd424,2026-01-01 10:45:00,153.2,0.018175825,0,0
db55a107-0cb4-0276-8ade-7d4a0a0dd424,2026-01-01 10:50:00,138.3,0.034416813,0,0
db55a107-0cb4-0276-8ade-7d4a0a0dd424,2026-01-01 10:55:00,140.3,0.06718047,0,0
db55a107-0cb4-0276-8ade-7d4a0a0dd424,2026-01-01 11:00:00,146.6,0.60006934,0,0
db55a107-0cb4-0276-8ade-7d4a0a0dd424,2026-01-01 11:05:00,147.1,0.5840823,0,0
db55a107-0cb4-0276-8ade-7d4a0a0dd424,2026-01-01 11:10:00,145.1,0.47958833,0,0
db55a107-0cb4-0276-8ade-7d4a0a0dd424,2026-01-01 11:15:00,147.6,0.603905,0,0
db55a107-0cb4-0276-8ade-7d4a0a0dd424,2026-01-01 11:20:00,151.1,0.5219784,0,1
db55a107-0cb4-0276-8ade-7d4a0a0dd424,2026-01-01 11:25:00,146.5,0.5498534,0,1
db55a107-0cb4-0276-8ade-7d4a0a0dd424,2026-01-01 11:30:00,137.6,0.7391324,1,1
db55a107-0cb4-0276-8ade-7d4a0a0dd424,2026-01-01 11:35:00,140.2,0.7727977,1,1
db55a107-0cb4-0276-8ade-7d4a0a0dd424,2026-01-01 11:40:00,142.5,0.74857587,1,1
db55a107-0cb4-0276-8ade-7d4a0a0dd424,2026-01-01 11:45:00,136.8,0.7654288,1,1
db55a107-0cb4-0276-8ade-7d4a0a0dd424,2026-01-01 11:50:00,142.7,0.7454479,1,1
db55a107-0cb4-0276-8ade-7d4a0a0dd424,2026-01-01 11:55:00,142.6,0.77960056,1,1
db55a107-0cb4-0276-8ade-7d4a0a0dd424,2026-01-01 12:00:00,133.9,0.8157425,1,1
db55a107-0cb4-0276-8ade-7d4a0a0dd424,2026-01-01 12:05:00,140.4,0.813991,1,1
db55a107-0cb4-0276-8ade-7d4a0a0dd424,2026-01-01 12:10:00,140.7,0.77688956,1,1
db55a107-0cb4-0276-8ade-7d4a0a0dd424,2026-01-01 12:15:00,135.4,0.81127405,1,1
db55a107-0cb4-0276-8ade-7d4a0a0dd424,2026-01-01 12:20:00,138.2,0.78920704,1,1
db55a107-0cb4-0276-8ade-7d4a0a0dd424,2026-01-01 12:25:00,140.2,0.82635814,1,1
db55a107-0cb4-0276-8ade-7d4a0a0dd424,2026-01-01 12:30:00,136.4,0.8045933,1,1
db55a107-0cb4-0276-8ade-7d4a0a0dd424,2026-01-01 12:35:00,141.2,0.7952436,1,1
db55a107-0cb4-0276-8ade-7d4a0a0dd424,2026-01-01 12:40:00,134.4,0.81210834,1,1
db55a107-0cb4-0276-8ade-7d4a0a0dd424,2026-01-01 12:45:00,136.6,0.78384626,1,1
db55a107-0cb4-0276-8ade-7d4a0a0dd424,2026-01-01 12:50:00,136.2,0.78384626,1,1
db55a107-0cb4-0276-8ade-7d4a0a0dd424,2026-01-01 12:55:00,136.3,0.7715028,1,1
db55a107-0cb4-0276-8ade-7d4a0a0dd424,2026-01-01 13:00:00,137.6,0.4036205,0,1
db55a107-0cb4-0276-8ade-7d4a0a0dd424,2026-01-01 13:05:00,142.1,0.5199713,0,1
db55a107-0cb4-0276-8ade-7d4a0a0dd424,2026-01-01 13:10:00,149.2,0.34369084,0,1
db55a107-0cb4-0276-8ade-7d4a0a0dd424,2026-01-01 13:15:00,153.5,0.24301974,0,0
db55a107-0cb4-0276-8ade-7d4a0a0dd424,2026-01-01 13:20:00,161.6,0.20033465,0,1
db55a107-0cb4-0276-8ade-7d4a0a0dd424,2026-01-01 13:25:00,166.7,0.1333729,0,0
db55a107-0cb4-0276-8ade-7d4a0a0dd424,2026-01-01 13:30:00,166.8,0.14601594,0,0
db55a107-0cb4-0276-8ade-7d4a0a0dd424,2026-01-01 13:35:00,167.4,0.07870724,0,0
db55a107-0cb4-0276-8ade-7d4a0a0dd424,2026-01-01 13:40:00,169.2,0.09373511,0,0
db55a107-0cb4-0276-8ade-7d4a0a0dd424,2026-01-01 13:45:00,174.3,0.06994531,0,0
db55a107-0cb4-0276-8ade-7d4a0a0dd424,2026-01-01 13:50:00,166.9,0.0663938,0,0
db55a107-0cb4-0276-8ade-7d4a0a0dd424,2026-01-01 13:55:00,173.0,0.065117516,0,0
db55a107-0cb4-0276-8ade-7d4a0a0dd424,2026-01-01 14:00:00,171.1,0.012019501,0,0
db55a107-0cb4-0276-8ade-7d4a0a0dd424,2026-01-01 14:05:00,170.9,0.0077082496,0,0
db55a107-0cb4-0276-8ade-7d4a0a0dd424,2026-01-01 14:10:00,175.4,0.010626757,0,0
db55a107-0cb4-0276-8ade-7d4a0a0dd424,2026-01-01 14:15:00,172.0,0.0077217557,0,0
db55a107-0cb4-0276-8ade-7d4a0a0dd424,2026-01-01 14:20:00,169.2,0.0070216763,0,0
db55a107-0cb4-0276-8ade-7d4a0a0dd424,2026-01-01 14:25:00,171.8,0.005451888,0,0
db55a107-0cb4-0276-8ade-7d4a0a0dd424,2026-01-01 14:30:00,171.1,0.01204808,0,0
db55a107-0cb4-0276-8ade-7d4a0a0dd424,2026-01-01 14:35:00,172.0,0.0048893136,0,0
db55a107-0cb4-0276-8ade-7d4a0a0dd424,2026-01-01 14:40:00,168.0,0.005174109,0,0
db55a107-0cb4-0276-8ade-7d4a0a0dd424,2026-01-01 14:45:00,164.9,0.0046716235,0,0
db55a107-0cb4-0276-8ade-7d4a0a0dd424,2026-01-01 14:50:00,170.1,0.004567662,0,0
db55a107-0cb4-0276-8ade-7d4a0a0dd424,2026-01-01 14:55:00,168.5,0.004567662,0,0
db55a107-0cb4-0276-8ade-7d4a0a0dd424,2026-01-01 15:00:00,170.1,0.0063351146,0,0
db55a107-0cb4-0276-8ade-7d4a0a0dd424,2026-01-01 15:05:00,165.0,0.005583869,0,0
db55a107-0cb4-0276-8ade-7d4a0a0dd424,2026-01-01 15:10:00,162.3,0.005959577,0,0
db55a107-0cb4-0276-8ade-7d4a0a0dd424,2026-01-01 15:15:00,151.9,0.018657032,0,0
db55a107-0cb4-0276-8ade-7d4a0a0dd424,2026-01-01 15:20:00,162.8,0.0057971757,0,0
db55a107-0cb4-0276-8ade-7d4a0a0dd424,2026-01-01 15:25:00,156.8,0.00731922,0,0
db55a107-0cb4-0276-8ade-7d4a0a0dd424,2026-01-01 15:30:00,155.1,0.0066333883,0,0
db55a107-0cb4-0276-8ade-7d4a0a0dd424,2026-01-01 15:35:00,156.0,0.004596924,0,0
db55a107-0cb4-0276-8ade-7d4a0a0dd424,2026-01-01 15:40:00,151.6,0.0054354253,0,0
db55a107-0cb4-0276-8ade-7d4a0a0dd424,2026-01-01 15:45:00,155.7,0.0049680006,0,0
db55a107-0cb4-0276-8ade-7d4a0a0dd424,2026-01-01 15:50:00,146.8,0.005687495,0,0
db55a107-0cb4-0276-8ade-7d4a0a0dd424,2026-01-01 15:55:00,153.6,0.0050810324,0,0
db55a107-0cb4-0276-8ade-7d4a0a0dd424,2026-01-01 16:00:00,151.4,0.0070448737,0,0
db55a107-0cb4-0276-8ade-7d4a0a0dd424,2026-01-01 16:05:00,148.8,0.0054591736,0,0
db55a107-0cb4-0276-8ade-7d4a0a0dd424,2026-01-01 16:10:00,151.9,0.0062983213,0,0
db55a107-0cb4-0276-8ade-7d4a0a0dd424,2026-01-01 16:15:00,149.3,0.007718176,0,0
db55a107-0cb4-0276-8ade-7d4a0a0dd424,2026-01-01 16:20:00,156.1,0.00712029,0,0
db55a107-0cb4-0276-8ade-7d4a0a0dd424,2026-01-01 16:25:00,143.9,0.0067871343,0,0
db55a107-0cb4-0276-8ade-7d4a0a0dd424,2026-01-01 16:30:00,145.1,0.0083194,0,0
db55a107-0cb4-0276-8ade-7d4a0a0dd424,2026-01-01 16:35:00,145.0,0.0083194,0,0
db55a107-0cb4-0276-8ade-7d4a0a0dd424,2026-01-01 16:40:00,146.9,0.008941528,0,0
db55a107-0cb4-0276-8ade-7d4a0a0dd424,2026-01-01 16:45:00,143.5,0.020353492,0,0
db55a107-0cb4-0276-8ade-7d4a0a0dd424,2026-01-01 16:50:00,138.5,0.026277428,0,0
db55a107-0cb4-0276-8ade-7d4a0a0dd424,2026-01-01 16:55:00,134.2,0.027442591,0,0
db55a107-0cb4-0276-8ade-7d4a0a0dd424,2026-01-01 17:00:00,139.1,0.18955687,0,0
db55a107-0cb4-0276-8ade-7d4a0a0dd424,2026-01-01 17:05:00,142.6,0.25692102,0,0
db55a107-0cb4-0276-8ade-7d4a0a0dd424,2026-01-01 17:10:00,141.6,0.31245652,0,0
db55a107-0cb4-0276-8ade-7d4a0a0dd424,2026-01-01 17:15:00,137.3,0.27180317,0,0
db55a107-0cb4-0276-8ade-7d4a0a0dd424,2026-01-01 17:20:00,139.0,0.50308406,0,0
db55a107-0cb4-0276-8ade-7d4a0a0dd424,2026-01-01 17:25:00,135.6,0.6395096,0,1
db55a107-0cb4-0276-8ade-7d4a0a0dd424,2026-01-01 17:30:00,137.3,0.6571101,1,1
db55a107-0cb4-0276-8ade-7d4a0a0dd424,2026-01-01 17:35:00,141.7,0.62728924,0,1
db55a107-0cb4-0276-8ade-7d4a0a0dd424,2026-01-01 17:40:00,135.9,0.6221645,0,1
db55a107-0cb4-0276-8ade-7d4a0a0dd424,2026-01-01 17:45:00,141.7,0.55335295,0,1
db55a107-0cb4-0276-8ade-7d4a0a0dd424,2026-01-01 17:50:00,132.4,0.6581378,1,1
db55a107-0cb4-0276-8ade-7d4a0a0dd424,2026-01-01 17:55:00,135.6,0.5888577,0,1
db55a107-0cb4-0276-8ade-7d4a0a0dd424,2026-01-01 18:00:00,143.1,0.62070084,0,1
db55a107-0cb4-0276-8ade-7d4a0a0dd424,2026-01-01 18:05:00,129.4,0.66617906,1,1
db55a107-0cb4-0276-8ade-7d4a0a0dd424,2026-01-01 18:10:00,136.8,0.56138027,0,1
db55a107-0cb4-0276-8ade-7d4a0a0dd424,2026-01-01 18:15:00,138.8,0.66458297,1,1
db55a107-0cb4-0276-8ade-7d4a0a0dd424,2026-01-01 18:20:00,136.8,0.6870694,1,1
db55a107-0cb4-0276-8ade-7d4a0a0dd424,2026-01-01 18:25:00,139.3,0.68328214,1,1
db55a107-0cb4-0276-8ade-7d4a0a0dd424,2026-01-01 18:30:00,138.9,0.7422019,1,1
db55a107-0cb4-0276-8ade-7d4a0a0dd424,2026-01-01 18:35:00,133.9,0.7558799,1,1
db55a107-0cb4-0276-8ade-7d4a0a0dd424,2026-01-01 18:40:00,137.9,0.67667747,1,1
db55a107-0cb4-0276-8ade-7d4a0a0dd424,2026-01-01 18:45:00,134.8,0.7218069,1,1
db55a107-0cb4-0276-8ade-7d4a0a0dd424,2026-01-01 18:50:00,136.5,0.70200926,1,1
db55a107-0cb4-0276-8ade-7d4a0a0dd424,2026-01-01 18:55:00,133.4,0.7072439,1,0
db55a107-0cb4-0276-8ade-7d4a0a0dd424,2026-01-01 19:00:00,142.6,0.23992409,0,0
db55a107-0cb4-0276-8ade-7d4a0a0dd424,2026-01-01 19:05:00,141.2,0.29812124,0,0
db55a107-0cb4-0276-8ade-7d4a0a0dd424,2026-01-01 19:10:00,145.5,0.17724468,0,1
db55a107-0cb4-0276-8ade-7d4a0a0dd424,2026-01-01 19:15:00,156.5,0.17345226,0,0
db55a107-0cb4-0276-8ade-7d4a0a0dd424,2026-01-01 19:20:00,157.3,0.13668121,0,0
db55a107-0cb4-0276-8ade-7d4a0a0dd424,2026-01-01 19:25:00,163.9,0.10269746,0,0
db55a107-0cb4-0276-8ade-7d4a0a0dd424,2026-01-01 19:30:00,162.8,0.04869445,0,0
db55a107-0cb4-0276-8ade-7d4a0a0dd424,2026-01-01 19:35:00,161.8,0.031911604,0,0
db55a107-0cb4-0276-8ade-7d4a0a0dd424,2026-01-01 19:40:00,170.7,0.034724243,0,0
db55a107-0cb4-0276-8ade-7d4a0a0dd424,2026-01-01 19:45:00,165.2,0.03386687,0,1
db55a107-0cb4-0276-8ade-7d4a0a0dd424,2026-01-01 19:50:00,166.1,0.024942968,0,0
db55a107-0cb4-0276-8ade-7d4a0a0dd424,2026-01-01 19:55:00,168.8,0.020252425,0,0
db55a107-0cb4-0276-8ade-7d4a0a0dd424,2026-01-01 20:00:00,167.5,0.009669248,0,0
db55a107-0cb4-0276-8ade-7d4a0a0dd424,2026-01-01 20:05:00,166.3,0.0073486646,0,0
db55a107-0cb4-0276-8ade-7d4a0a0dd424,2026-01-01 20:10:00,164.5,0.005687802,0,0
db55a107-0cb4-0276-8ade-7d4a0a0dd424,2026-01-01 20:15:00,170.9,0.0062252823,0,0
db55a107-0cb4-0276-8ade-7d4a0a0dd424,2026-01-01 20:20:00,171.9,0.006278441,0,0
db55a107-0cb4-0276-8ade-7d4a0a0dd424,2026-01-01 20:25:00,164.8,0.003190928,0,0
db55a107-0cb4-0276-8ade-7d4a0a0dd424,2026-01-01 20:30:00,169.8,0.0025029487,0,0
db55a107-0cb4-0276-8ade-7d4a0a0dd424,2026-01-01 20:35:00,166.2,0.002506666,0,0
db55a107-0cb4-0276-8ade-7d4a0a0dd424,2026-01-01 20:40:00,166.1,0.0024255028,0,0
db55a107-0cb4-0276-8ade-7d4a0a0dd424,2026-01-01 20:45:00,164.9,0.0024812024,0,0
db55a107-0cb4-0276-8ade-7d4a0a0dd424,2026-01-01 20:50:00,160.3,0.0024812024,0,0
db55a107-0cb4-0276-8ade-7d4a0a0dd424,2026-01-01 20:55:00,158.6,0.0023869912,0,0
db55a107-0cb4-0276-8ade-7d4a0a0dd424,2026-01-01 21:00:00,159.2,0.0053698095,0,0
db55a107-0cb4-0276-8ade-7d4a0a0dd424,2026-01-01 21:05:00,158.2,0.0036464478,0,0
db55a107-0cb4-0276-8ade-7d4a0a0dd424,2026-01-01 21:10:00,160.4,0.0037128914,0,0
db55a107-0cb4-0276-8ade-7d4a0a0dd424,2026-01-01 21:15:00,157.5,0.003769233,0,0
db55a107-0cb4-0276-8ade-7d4a0a0dd424,2026-01-01 21:20:00,155.8,0.0035847384,0,0
db55a107-0cb4-0276-8ade-7d4a0a0dd424,2026-01-01 21:25:00,156.1,0.0029305567,0,0
db55a107-0cb4-0276-8ade-7d4a0a0dd424,2026-01-01 21:30:00,150.4,0.0059735565,0,0
db55a107-0cb4-0276-8ade-7d4a0a0dd424,2026-01-01 21:35:00,154.1,0.005438661,0,0
db55a107-0cb4-0276-8ade-7d4a0a0dd424,2026-01-01 21:40:00,152.2,0.0035530154,0,0
db55a107-0cb4-0276-8ade-7d4a0a0dd424,2026-01-01 21:45:00,161.7,0.004191357,0,0
db55a107-0cb4-0276-8ade-7d4a0a0dd424,2026-01-01 21:50:00,146.2,0.0048490902,0,0
db55a107-0cb4-0276-8ade-7d4a0a0dd424,2026-01-01 21:55:00,150.2,0.0036360368,0,0
